[debug] [2026-08-14T13:59:47.017Z] ----------------------------------------------------------------------
[debug] [2026-08-14T13:59:47.019Z] Command:       C:\Program Files\nodejs\node.exe C:\Users\begum\AppData\Roaming\npm\node_modules\firebase-tools\lib\bin\firebase.js deploy --only functions:manageChallenges
[debug] [2026-08-14T13:59:47.020Z] CLI Version:   15.26.0
[debug] [2026-08-14T13:59:47.020Z] Platform:      win32
[debug] [2026-08-14T13:59:47.020Z] Node Version:  v24.11.0
[debug] [2026-08-14T13:59:47.020Z] Detected Agent: unknown
[debug] [2026-08-14T13:59:47.020Z] Time:          Fri Aug 14 2026 16:59:47 GMT+0300 (GMT+03:00)
[debug] [2026-08-14T13:59:47.020Z] ----------------------------------------------------------------------
[debug] 
[debug] [2026-08-14T13:59:47.032Z] >>> [apiv2][query] GET https://firebase-public.firebaseio.com/cli.json [none]
[debug] [2026-08-14T14:00:13.562Z] > command requires scopes: ["email","openid","https://www.googleapis.com/auth/cloudplatformprojects.readonly","https://www.googleapis.com/auth/firebase","https://www.googleapis.com/auth/cloud-platform"]
[debug] [2026-08-14T14:00:13.562Z] > authorizing via signed-in user (alakusbegum5@gmail.com)
[debug] [2026-08-14T14:00:13.562Z] [iam] checking project pixel-art-challenge-a7f4d for permissions ["cloudfunctions.functions.create","cloudfunctions.functions.delete","cloudfunctions.functions.get","cloudfunctions.functions.list","cloudfunctions.functions.update","cloudfunctions.operations.get","firebase.projects.get"]
[debug] [2026-08-14T14:00:13.563Z] Checked if tokens are valid: false, expires at: 1786605677832
[debug] [2026-08-14T14:00:13.563Z] Checked if tokens are valid: false, expires at: 1786605677832
[debug] [2026-08-14T14:00:13.564Z] > refreshing access token with scopes: []
[debug] [2026-08-14T14:00:13.565Z] >>> [apiv2][query] POST https://www.googleapis.com/oauth2/v3/token [none]
[debug] [2026-08-14T14:00:13.565Z] >>> [apiv2][body] POST https://www.googleapis.com/oauth2/v3/token [omitted]
[debug] [2026-08-14T14:00:14.128Z] <<< [apiv2][status] POST https://www.googleapis.com/oauth2/v3/token 200
[debug] [2026-08-14T14:00:14.128Z] <<< [apiv2][body] POST https://www.googleapis.com/oauth2/v3/token [omitted]
[debug] [2026-08-14T14:00:14.145Z] >>> [apiv2][query] POST https://cloudresourcemanager.googleapis.com/v1/projects/pixel-art-challenge-a7f4d:testIamPermissions [none]
[debug] [2026-08-14T14:00:14.146Z] >>> [apiv2][(partial)header] POST https://cloudresourcemanager.googleapis.com/v1/projects/pixel-art-challenge-a7f4d:testIamPermissions  x-goog-user-project=pixel-art-challenge-a7f4d
[debug] [2026-08-14T14:00:14.146Z] >>> [apiv2][body] POST https://cloudresourcemanager.googleapis.com/v1/projects/pixel-art-challenge-a7f4d:testIamPermissions {"permissions":["cloudfunctions.functions.create","cloudfunctions.functions.delete","cloudfunctions.functions.get","cloudfunctions.functions.list","cloudfunctions.functions.update","cloudfunctions.operations.get","firebase.projects.get"]}
[debug] [2026-08-14T14:00:14.521Z] <<< [apiv2][status] GET https://firebase-public.firebaseio.com/cli.json 200
[debug] [2026-08-14T14:00:14.521Z] <<< [apiv2][body] GET https://firebase-public.firebaseio.com/cli.json {"cloudBuildErrorAfter":1594252800000,"cloudBuildWarnAfter":1590019200000,"defaultNode10After":1594252800000,"minVersion":"3.0.5","node8DeploysDisabledAfter":1613390400000,"node8RuntimeDisabledAfter":1615809600000,"node8WarnAfter":1600128000000}
[debug] [2026-08-14T14:00:15.308Z] <<< [apiv2][status] POST https://cloudresourcemanager.googleapis.com/v1/projects/pixel-art-challenge-a7f4d:testIamPermissions 200
[debug] [2026-08-14T14:00:15.308Z] <<< [apiv2][body] POST https://cloudresourcemanager.googleapis.com/v1/projects/pixel-art-challenge-a7f4d:testIamPermissions {"permissions":["cloudfunctions.functions.create","cloudfunctions.functions.delete","cloudfunctions.functions.get","cloudfunctions.functions.list","cloudfunctions.functions.update","cloudfunctions.operations.get","firebase.projects.get"]}
[debug] [2026-08-14T14:00:15.308Z] Checked if tokens are valid: true, expires at: 1786719613128
[debug] [2026-08-14T14:00:15.308Z] Checked if tokens are valid: true, expires at: 1786719613128
[debug] [2026-08-14T14:00:15.308Z] >>> [apiv2][query] POST https://iam.googleapis.com/v1/projects/pixel-art-challenge-a7f4d/serviceAccounts/pixel-art-challenge-a7f4d@appspot.gserviceaccount.com:testIamPermissions [none]
[debug] [2026-08-14T14:00:15.308Z] >>> [apiv2][body] POST https://iam.googleapis.com/v1/projects/pixel-art-challenge-a7f4d/serviceAccounts/pixel-art-challenge-a7f4d@appspot.gserviceaccount.com:testIamPermissions {"permissions":["iam.serviceAccounts.actAs"]}
[debug] [2026-08-14T14:00:16.432Z] <<< [apiv2][status] POST https://iam.googleapis.com/v1/projects/pixel-art-challenge-a7f4d/serviceAccounts/pixel-art-challenge-a7f4d@appspot.gserviceaccount.com:testIamPermissions 200
[debug] [2026-08-14T14:00:16.433Z] <<< [apiv2][body] POST https://iam.googleapis.com/v1/projects/pixel-art-challenge-a7f4d/serviceAccounts/pixel-art-challenge-a7f4d@appspot.gserviceaccount.com:testIamPermissions {"permissions":["iam.serviceAccounts.actAs"]}
[info] 
[info] === Deploying to 'pixel-art-challenge-a7f4d'...
[info] 
[info] i  deploying functions 
[debug] [2026-08-14T14:00:16.440Z] Checked if tokens are valid: true, expires at: 1786719613128
[debug] [2026-08-14T14:00:16.440Z] Checked if tokens are valid: true, expires at: 1786719613128
[debug] [2026-08-14T14:00:16.441Z] >>> [apiv2][query] GET https://cloudresourcemanager.googleapis.com/v1/projects/pixel-art-challenge-a7f4d [none]
[debug] [2026-08-14T14:00:16.742Z] <<< [apiv2][status] GET https://cloudresourcemanager.googleapis.com/v1/projects/pixel-art-challenge-a7f4d 200
[debug] [2026-08-14T14:00:16.742Z] <<< [apiv2][body] GET https://cloudresourcemanager.googleapis.com/v1/projects/pixel-art-challenge-a7f4d {"projectNumber":"778714732488","projectId":"pixel-art-challenge-a7f4d","lifecycleState":"ACTIVE","name":"pixel-art-challenge","labels":{"firebase":"enabled","firebase-core":"disabled"},"createTime":"2026-08-10T13:13:07.184Z"}
[info] i  functions: preparing codebase default for deployment 
[info] i  functions: ensuring required API cloudfunctions.googleapis.com is enabled... 
[debug] [2026-08-14T14:00:16.745Z] Checked if tokens are valid: true, expires at: 1786719613128
[debug] [2026-08-14T14:00:16.745Z] Checked if tokens are valid: true, expires at: 1786719613128
[info] i  functions: ensuring required API cloudbuild.googleapis.com is enabled... 
[debug] [2026-08-14T14:00:16.746Z] Checked if tokens are valid: true, expires at: 1786719613128
[debug] [2026-08-14T14:00:16.746Z] Checked if tokens are valid: true, expires at: 1786719613128
[info] i  artifactregistry: ensuring required API artifactregistry.googleapis.com is enabled... 
[debug] [2026-08-14T14:00:16.747Z] Checked if tokens are valid: true, expires at: 1786719613128
[debug] [2026-08-14T14:00:16.747Z] Checked if tokens are valid: true, expires at: 1786719613128
[debug] [2026-08-14T14:00:16.747Z] >>> [apiv2][query] GET https://serviceusage.googleapis.com/v1/projects/pixel-art-challenge-a7f4d/services/cloudfunctions.googleapis.com [none]
[debug] [2026-08-14T14:00:16.748Z] >>> [apiv2][(partial)header] GET https://serviceusage.googleapis.com/v1/projects/pixel-art-challenge-a7f4d/services/cloudfunctions.googleapis.com  x-goog-user-project=pixel-art-challenge-a7f4d
[debug] [2026-08-14T14:00:16.749Z] >>> [apiv2][query] GET https://serviceusage.googleapis.com/v1/projects/pixel-art-challenge-a7f4d/services/cloudbuild.googleapis.com [none]
[debug] [2026-08-14T14:00:16.749Z] >>> [apiv2][(partial)header] GET https://serviceusage.googleapis.com/v1/projects/pixel-art-challenge-a7f4d/services/cloudbuild.googleapis.com  x-goog-user-project=pixel-art-challenge-a7f4d
[debug] [2026-08-14T14:00:16.749Z] >>> [apiv2][query] GET https://serviceusage.googleapis.com/v1/projects/pixel-art-challenge-a7f4d/services/artifactregistry.googleapis.com [none]
[debug] [2026-08-14T14:00:16.749Z] >>> [apiv2][(partial)header] GET https://serviceusage.googleapis.com/v1/projects/pixel-art-challenge-a7f4d/services/artifactregistry.googleapis.com  x-goog-user-project=pixel-art-challenge-a7f4d
[debug] [2026-08-14T14:00:18.273Z] <<< [apiv2][status] GET https://serviceusage.googleapis.com/v1/projects/pixel-art-challenge-a7f4d/services/cloudfunctions.googleapis.com 200
[debug] [2026-08-14T14:00:18.273Z] <<< [apiv2][body] GET https://serviceusage.googleapis.com/v1/projects/pixel-art-challenge-a7f4d/services/cloudfunctions.googleapis.com [omitted]
[info] +  functions: required API cloudfunctions.googleapis.com is enabled 
[debug] [2026-08-14T14:00:18.283Z] <<< [apiv2][status] GET https://serviceusage.googleapis.com/v1/projects/pixel-art-challenge-a7f4d/services/cloudbuild.googleapis.com 200
[debug] [2026-08-14T14:00:18.283Z] <<< [apiv2][body] GET https://serviceusage.googleapis.com/v1/projects/pixel-art-challenge-a7f4d/services/cloudbuild.googleapis.com [omitted]
[warn] !  functions: missing required API cloudbuild.googleapis.com. Enabling now... 
[debug] [2026-08-14T14:00:18.284Z] Checked if tokens are valid: true, expires at: 1786719613128
[debug] [2026-08-14T14:00:18.284Z] Checked if tokens are valid: true, expires at: 1786719613128
[debug] [2026-08-14T14:00:18.284Z] >>> [apiv2][query] POST https://serviceusage.googleapis.com/v1/projects/pixel-art-challenge-a7f4d/services/cloudbuild.googleapis.com:enable [none]
[debug] [2026-08-14T14:00:18.284Z] >>> [apiv2][(partial)header] POST https://serviceusage.googleapis.com/v1/projects/pixel-art-challenge-a7f4d/services/cloudbuild.googleapis.com:enable  x-goog-user-project=pixel-art-challenge-a7f4d
[debug] [2026-08-14T14:00:18.303Z] <<< [apiv2][status] GET https://serviceusage.googleapis.com/v1/projects/pixel-art-challenge-a7f4d/services/artifactregistry.googleapis.com 200
[debug] [2026-08-14T14:00:18.303Z] <<< [apiv2][body] GET https://serviceusage.googleapis.com/v1/projects/pixel-art-challenge-a7f4d/services/artifactregistry.googleapis.com [omitted]
[warn] !  artifactregistry: missing required API artifactregistry.googleapis.com. Enabling now... 
[debug] [2026-08-14T14:00:18.304Z] Checked if tokens are valid: true, expires at: 1786719613128
[debug] [2026-08-14T14:00:18.304Z] Checked if tokens are valid: true, expires at: 1786719613128
[debug] [2026-08-14T14:00:18.304Z] >>> [apiv2][query] POST https://serviceusage.googleapis.com/v1/projects/pixel-art-challenge-a7f4d/services/artifactregistry.googleapis.com:enable [none]
[debug] [2026-08-14T14:00:18.304Z] >>> [apiv2][(partial)header] POST https://serviceusage.googleapis.com/v1/projects/pixel-art-challenge-a7f4d/services/artifactregistry.googleapis.com:enable  x-goog-user-project=pixel-art-challenge-a7f4d
[debug] [2026-08-14T14:00:19.304Z] <<< [apiv2][status] POST https://serviceusage.googleapis.com/v1/projects/pixel-art-challenge-a7f4d/services/cloudbuild.googleapis.com:enable 200
[debug] [2026-08-14T14:00:19.304Z] <<< [apiv2][body] POST https://serviceusage.googleapis.com/v1/projects/pixel-art-challenge-a7f4d/services/cloudbuild.googleapis.com:enable [omitted]
[debug] [2026-08-14T14:00:19.955Z] <<< [apiv2][status] POST https://serviceusage.googleapis.com/v1/projects/pixel-art-challenge-a7f4d/services/artifactregistry.googleapis.com:enable 200
[debug] [2026-08-14T14:00:19.956Z] <<< [apiv2][body] POST https://serviceusage.googleapis.com/v1/projects/pixel-art-challenge-a7f4d/services/artifactregistry.googleapis.com:enable [omitted]
[debug] [2026-08-14T14:00:29.981Z] Checked if tokens are valid: true, expires at: 1786719613128
[debug] [2026-08-14T14:00:29.981Z] Checked if tokens are valid: true, expires at: 1786719613128
[debug] [2026-08-14T14:00:29.981Z] >>> [apiv2][query] GET https://firebase.googleapis.com/v1beta1/projects/pixel-art-challenge-a7f4d/adminSdkConfig [none]
[debug] [2026-08-14T14:00:30.665Z] <<< [apiv2][status] GET https://firebase.googleapis.com/v1beta1/projects/pixel-art-challenge-a7f4d/adminSdkConfig 200
[debug] [2026-08-14T14:00:30.665Z] <<< [apiv2][body] GET https://firebase.googleapis.com/v1beta1/projects/pixel-art-challenge-a7f4d/adminSdkConfig {"projectId":"pixel-art-challenge-a7f4d","storageBucket":"pixel-art-challenge-a7f4d.firebasestorage.app"}
[debug] [2026-08-14T14:00:30.666Z] Checked if tokens are valid: true, expires at: 1786719613128
[debug] [2026-08-14T14:00:30.666Z] Checked if tokens are valid: true, expires at: 1786719613128
[debug] [2026-08-14T14:00:30.666Z] >>> [apiv2][query] GET https://runtimeconfig.googleapis.com/v1beta1/projects/pixel-art-challenge-a7f4d/configs [none]
[debug] [2026-08-14T14:00:31.291Z] <<< [apiv2][status] GET https://runtimeconfig.googleapis.com/v1beta1/projects/pixel-art-challenge-a7f4d/configs 200
[debug] [2026-08-14T14:00:31.291Z] <<< [apiv2][body] GET https://runtimeconfig.googleapis.com/v1beta1/projects/pixel-art-challenge-a7f4d/configs {}
[debug] [2026-08-14T14:00:31.292Z] Validating nodejs source
[warn] !  functions: Runtime Node.js 20 was deprecated on 2026-04-30 and will be decommissioned on 2026-10-30, after which you will not be able to deploy without upgrading. Consider upgrading now to avoid disruption. See https://cloud.google.com/functions/docs/runtime-support for full details on the lifecycle policy 
[warn] !  functions: package.json indicates an outdated version of firebase-functions. Please upgrade using npm install --save firebase-functions@latest in your functions directory. 
[warn] !  functions: Please note that there will be breaking changes when you upgrade. 
[debug] [2026-08-14T14:00:32.838Z] > [functions] package.json contents: {
  "name": "functions",
  "scripts": {
    "build": "tsc",
    "serve": "npm run build && firebase emulators:start --only functions",
    "deploy": "firebase deploy --only functions"
  },
  "engines": {
    "node": "20"
  },
  "main": "lib/index.js",
  "dependencies": {
    "firebase-admin": "^13.0.0",
    "firebase-functions": "^6.0.0"
  },
  "devDependencies": {
    "typescript": "^5.0.0"
  },
  "private": true
}
[debug] [2026-08-14T14:00:32.838Z] Building nodejs source
[info] i  functions: Loading and analyzing source code for codebase default to determine what to deploy 
[debug] [2026-08-14T14:00:32.839Z] Could not find functions.yaml. Must use http discovery
[debug] [2026-08-14T14:00:32.845Z] Found firebase-functions binary at 'D:\pixel-art\functions\node_modules\.bin\firebase-functions'
[info] Serving at port 8986

[debug] [2026-08-14T14:00:38.291Z] Got response from /__/functions.yaml {"endpoints":{"manageChallenges":{"availableMemoryMb":null,"timeoutSeconds":null,"minInstances":null,"maxInstances":1,"ingressSettings":null,"concurrency":null,"serviceAccountEmail":null,"vpc":null,"platform":"gcfv2","labels":{},"scheduleTrigger":{"schedule":"every 5 minutes","retryConfig":{}},"entryPoint":"manageChallenges"}},"specVersion":"v1alpha1","requiredAPIs":[{"api":"cloudscheduler.googleapis.com","reason":"Needed for scheduled functions."}],"extensions":{}}
[debug] [2026-08-14T14:00:41.324Z] Checked if tokens are valid: true, expires at: 1786719613128
[debug] [2026-08-14T14:00:41.324Z] Checked if tokens are valid: true, expires at: 1786719613128
[debug] [2026-08-14T14:00:41.324Z] >>> [apiv2][query] GET https://cloudfunctions.googleapis.com/v1/projects/pixel-art-challenge-a7f4d/locations/-/functions [none]
[debug] [2026-08-14T14:00:42.311Z] <<< [apiv2][status] GET https://cloudfunctions.googleapis.com/v1/projects/pixel-art-challenge-a7f4d/locations/-/functions 200
[debug] [2026-08-14T14:00:42.311Z] <<< [apiv2][body] GET https://cloudfunctions.googleapis.com/v1/projects/pixel-art-challenge-a7f4d/locations/-/functions {}
[debug] [2026-08-14T14:00:42.312Z] Checked if tokens are valid: true, expires at: 1786719613128
[debug] [2026-08-14T14:00:42.312Z] Checked if tokens are valid: true, expires at: 1786719613128
[debug] [2026-08-14T14:00:42.312Z] >>> [apiv2][query] GET https://cloudfunctions.googleapis.com/v2/projects/pixel-art-challenge-a7f4d/locations/-/functions filter=environment%3D%22GEN_2%22
[debug] [2026-08-14T14:00:43.456Z] <<< [apiv2][status] GET https://cloudfunctions.googleapis.com/v2/projects/pixel-art-challenge-a7f4d/locations/-/functions 200
[debug] [2026-08-14T14:00:43.456Z] <<< [apiv2][body] GET https://cloudfunctions.googleapis.com/v2/projects/pixel-art-challenge-a7f4d/locations/-/functions {}
[info] i  extensions: ensuring required API firebaseextensions.googleapis.com is enabled... 
[debug] [2026-08-14T14:00:43.458Z] Checked if tokens are valid: true, expires at: 1786719613128
[debug] [2026-08-14T14:00:43.458Z] Checked if tokens are valid: true, expires at: 1786719613128
[debug] [2026-08-14T14:00:43.458Z] >>> [apiv2][query] GET https://serviceusage.googleapis.com/v1/projects/pixel-art-challenge-a7f4d/services/firebaseextensions.googleapis.com [none]
[debug] [2026-08-14T14:00:43.458Z] >>> [apiv2][(partial)header] GET https://serviceusage.googleapis.com/v1/projects/pixel-art-challenge-a7f4d/services/firebaseextensions.googleapis.com  x-goog-user-project=pixel-art-challenge-a7f4d
[debug] [2026-08-14T14:00:44.744Z] <<< [apiv2][status] GET https://serviceusage.googleapis.com/v1/projects/pixel-art-challenge-a7f4d/services/firebaseextensions.googleapis.com 200
[debug] [2026-08-14T14:00:44.745Z] <<< [apiv2][body] GET https://serviceusage.googleapis.com/v1/projects/pixel-art-challenge-a7f4d/services/firebaseextensions.googleapis.com [omitted]
[warn] !  extensions: missing required API firebaseextensions.googleapis.com. Enabling now... 
[debug] [2026-08-14T14:00:44.745Z] Checked if tokens are valid: true, expires at: 1786719613128
[debug] [2026-08-14T14:00:44.745Z] Checked if tokens are valid: true, expires at: 1786719613128
[debug] [2026-08-14T14:00:44.745Z] >>> [apiv2][query] POST https://serviceusage.googleapis.com/v1/projects/pixel-art-challenge-a7f4d/services/firebaseextensions.googleapis.com:enable [none]
[debug] [2026-08-14T14:00:44.745Z] >>> [apiv2][(partial)header] POST https://serviceusage.googleapis.com/v1/projects/pixel-art-challenge-a7f4d/services/firebaseextensions.googleapis.com:enable  x-goog-user-project=pixel-art-challenge-a7f4d
[debug] [2026-08-14T14:00:46.181Z] <<< [apiv2][status] POST https://serviceusage.googleapis.com/v1/projects/pixel-art-challenge-a7f4d/services/firebaseextensions.googleapis.com:enable 200
[debug] [2026-08-14T14:00:46.181Z] <<< [apiv2][body] POST https://serviceusage.googleapis.com/v1/projects/pixel-art-challenge-a7f4d/services/firebaseextensions.googleapis.com:enable [omitted]
[debug] [2026-08-14T14:00:56.203Z] > command requires scopes: ["email","openid","https://www.googleapis.com/auth/cloudplatformprojects.readonly","https://www.googleapis.com/auth/firebase","https://www.googleapis.com/auth/cloud-platform"]
[debug] [2026-08-14T14:00:56.203Z] > authorizing via signed-in user (alakusbegum5@gmail.com)
[debug] [2026-08-14T14:00:56.204Z] [iam] checking project pixel-art-challenge-a7f4d for permissions ["firebase.projects.get","firebaseextensions.instances.list"]
[debug] [2026-08-14T14:00:56.204Z] Checked if tokens are valid: true, expires at: 1786719613128
[debug] [2026-08-14T14:00:56.204Z] Checked if tokens are valid: true, expires at: 1786719613128
[debug] [2026-08-14T14:00:56.204Z] >>> [apiv2][query] POST https://cloudresourcemanager.googleapis.com/v1/projects/pixel-art-challenge-a7f4d:testIamPermissions [none]
[debug] [2026-08-14T14:00:56.204Z] >>> [apiv2][(partial)header] POST https://cloudresourcemanager.googleapis.com/v1/projects/pixel-art-challenge-a7f4d:testIamPermissions  x-goog-user-project=pixel-art-challenge-a7f4d
[debug] [2026-08-14T14:00:56.204Z] >>> [apiv2][body] POST https://cloudresourcemanager.googleapis.com/v1/projects/pixel-art-challenge-a7f4d:testIamPermissions {"permissions":["firebase.projects.get","firebaseextensions.instances.list"]}
[debug] [2026-08-14T14:00:57.388Z] <<< [apiv2][status] POST https://cloudresourcemanager.googleapis.com/v1/projects/pixel-art-challenge-a7f4d:testIamPermissions 200
[debug] [2026-08-14T14:00:57.388Z] <<< [apiv2][body] POST https://cloudresourcemanager.googleapis.com/v1/projects/pixel-art-challenge-a7f4d:testIamPermissions {"permissions":["firebase.projects.get","firebaseextensions.instances.list"]}
[debug] [2026-08-14T14:00:57.389Z] Checked if tokens are valid: true, expires at: 1786719613128
[debug] [2026-08-14T14:00:57.389Z] Checked if tokens are valid: true, expires at: 1786719613128
[debug] [2026-08-14T14:00:57.389Z] >>> [apiv2][query] GET https://firebaseextensions.googleapis.com/v1beta/projects/pixel-art-challenge-a7f4d/instances pageSize=100&pageToken=
[debug] [2026-08-14T14:01:00.262Z] <<< [apiv2][status] GET https://firebaseextensions.googleapis.com/v1beta/projects/pixel-art-challenge-a7f4d/instances 200
[debug] [2026-08-14T14:01:00.262Z] <<< [apiv2][body] GET https://firebaseextensions.googleapis.com/v1beta/projects/pixel-art-challenge-a7f4d/instances {}
[debug] [2026-08-14T14:01:00.264Z] Attempting to merge .env secret bindings {} into declared secrets...)}
[debug] [2026-08-14T14:01:00.264Z] manageChallenges declared secrets: undefined
[info] i  functions: preparing functions directory for uploading... 
[info] i  functions: packaged D:\pixel-art\functions (37.15 KB) for uploading 
[info] i  functions: ensuring required API cloudscheduler.googleapis.com is enabled... 
[debug] [2026-08-14T14:01:00.302Z] Checked if tokens are valid: true, expires at: 1786719613128
[debug] [2026-08-14T14:01:00.302Z] Checked if tokens are valid: true, expires at: 1786719613128
[debug] [2026-08-14T14:01:00.302Z] >>> [apiv2][query] GET https://serviceusage.googleapis.com/v1/projects/778714732488/services/cloudscheduler.googleapis.com [none]
[debug] [2026-08-14T14:01:00.302Z] >>> [apiv2][(partial)header] GET https://serviceusage.googleapis.com/v1/projects/778714732488/services/cloudscheduler.googleapis.com  x-goog-user-project=778714732488
[debug] [2026-08-14T14:01:01.437Z] <<< [apiv2][status] GET https://serviceusage.googleapis.com/v1/projects/778714732488/services/cloudscheduler.googleapis.com 200
[debug] [2026-08-14T14:01:01.438Z] <<< [apiv2][body] GET https://serviceusage.googleapis.com/v1/projects/778714732488/services/cloudscheduler.googleapis.com [omitted]
[warn] !  functions: missing required API cloudscheduler.googleapis.com. Enabling now... 
[debug] [2026-08-14T14:01:01.439Z] Checked if tokens are valid: true, expires at: 1786719613128
[debug] [2026-08-14T14:01:01.439Z] Checked if tokens are valid: true, expires at: 1786719613128
[debug] [2026-08-14T14:01:01.439Z] >>> [apiv2][query] POST https://serviceusage.googleapis.com/v1/projects/778714732488/services/cloudscheduler.googleapis.com:enable [none]
[debug] [2026-08-14T14:01:01.439Z] >>> [apiv2][(partial)header] POST https://serviceusage.googleapis.com/v1/projects/778714732488/services/cloudscheduler.googleapis.com:enable  x-goog-user-project=778714732488
[debug] [2026-08-14T14:01:02.826Z] <<< [apiv2][status] POST https://serviceusage.googleapis.com/v1/projects/778714732488/services/cloudscheduler.googleapis.com:enable 200
[debug] [2026-08-14T14:01:02.826Z] <<< [apiv2][body] POST https://serviceusage.googleapis.com/v1/projects/778714732488/services/cloudscheduler.googleapis.com:enable [omitted]
[info] i  functions: ensuring required API run.googleapis.com is enabled... 
[debug] [2026-08-14T14:01:12.856Z] Checked if tokens are valid: true, expires at: 1786719613128
[debug] [2026-08-14T14:01:12.856Z] Checked if tokens are valid: true, expires at: 1786719613128
[info] i  functions: ensuring required API eventarc.googleapis.com is enabled... 
[debug] [2026-08-14T14:01:12.858Z] Checked if tokens are valid: true, expires at: 1786719613128
[debug] [2026-08-14T14:01:12.858Z] Checked if tokens are valid: true, expires at: 1786719613128
[info] i  functions: ensuring required API pubsub.googleapis.com is enabled... 
[debug] [2026-08-14T14:01:12.859Z] Checked if tokens are valid: true, expires at: 1786719613128
[debug] [2026-08-14T14:01:12.859Z] Checked if tokens are valid: true, expires at: 1786719613128
[info] i  functions: ensuring required API storage.googleapis.com is enabled... 
[debug] [2026-08-14T14:01:12.860Z] Checked if tokens are valid: true, expires at: 1786719613128
[debug] [2026-08-14T14:01:12.860Z] Checked if tokens are valid: true, expires at: 1786719613128
[debug] [2026-08-14T14:01:12.860Z] >>> [apiv2][query] GET https://serviceusage.googleapis.com/v1/projects/778714732488/services/run.googleapis.com [none]
[debug] [2026-08-14T14:01:12.860Z] >>> [apiv2][(partial)header] GET https://serviceusage.googleapis.com/v1/projects/778714732488/services/run.googleapis.com  x-goog-user-project=778714732488
[debug] [2026-08-14T14:01:12.862Z] >>> [apiv2][query] GET https://serviceusage.googleapis.com/v1/projects/778714732488/services/eventarc.googleapis.com [none]
[debug] [2026-08-14T14:01:12.862Z] >>> [apiv2][(partial)header] GET https://serviceusage.googleapis.com/v1/projects/778714732488/services/eventarc.googleapis.com  x-goog-user-project=778714732488
[debug] [2026-08-14T14:01:12.863Z] >>> [apiv2][query] GET https://serviceusage.googleapis.com/v1/projects/778714732488/services/pubsub.googleapis.com [none]
[debug] [2026-08-14T14:01:12.864Z] >>> [apiv2][(partial)header] GET https://serviceusage.googleapis.com/v1/projects/778714732488/services/pubsub.googleapis.com  x-goog-user-project=778714732488
[debug] [2026-08-14T14:01:12.864Z] >>> [apiv2][query] GET https://serviceusage.googleapis.com/v1/projects/778714732488/services/storage.googleapis.com [none]
[debug] [2026-08-14T14:01:12.864Z] >>> [apiv2][(partial)header] GET https://serviceusage.googleapis.com/v1/projects/778714732488/services/storage.googleapis.com  x-goog-user-project=778714732488
[debug] [2026-08-14T14:01:14.186Z] <<< [apiv2][status] GET https://serviceusage.googleapis.com/v1/projects/778714732488/services/eventarc.googleapis.com 200
[debug] [2026-08-14T14:01:14.186Z] <<< [apiv2][body] GET https://serviceusage.googleapis.com/v1/projects/778714732488/services/eventarc.googleapis.com [omitted]
[warn] !  functions: missing required API eventarc.googleapis.com. Enabling now... 
[debug] [2026-08-14T14:01:14.187Z] Checked if tokens are valid: true, expires at: 1786719613128
[debug] [2026-08-14T14:01:14.187Z] Checked if tokens are valid: true, expires at: 1786719613128
[debug] [2026-08-14T14:01:14.187Z] >>> [apiv2][query] POST https://serviceusage.googleapis.com/v1/projects/778714732488/services/eventarc.googleapis.com:enable [none]
[debug] [2026-08-14T14:01:14.187Z] >>> [apiv2][(partial)header] POST https://serviceusage.googleapis.com/v1/projects/778714732488/services/eventarc.googleapis.com:enable  x-goog-user-project=778714732488
[debug] [2026-08-14T14:01:14.188Z] <<< [apiv2][status] GET https://serviceusage.googleapis.com/v1/projects/778714732488/services/pubsub.googleapis.com 200
[debug] [2026-08-14T14:01:14.188Z] <<< [apiv2][body] GET https://serviceusage.googleapis.com/v1/projects/778714732488/services/pubsub.googleapis.com [omitted]
[info] +  functions: required API pubsub.googleapis.com is enabled 
[debug] [2026-08-14T14:01:14.198Z] <<< [apiv2][status] GET https://serviceusage.googleapis.com/v1/projects/778714732488/services/run.googleapis.com 200
[debug] [2026-08-14T14:01:14.198Z] <<< [apiv2][body] GET https://serviceusage.googleapis.com/v1/projects/778714732488/services/run.googleapis.com [omitted]
[warn] !  functions: missing required API run.googleapis.com. Enabling now... 
[debug] [2026-08-14T14:01:14.198Z] Checked if tokens are valid: true, expires at: 1786719613128
[debug] [2026-08-14T14:01:14.199Z] Checked if tokens are valid: true, expires at: 1786719613128
[debug] [2026-08-14T14:01:14.199Z] >>> [apiv2][query] POST https://serviceusage.googleapis.com/v1/projects/778714732488/services/run.googleapis.com:enable [none]
[debug] [2026-08-14T14:01:14.199Z] >>> [apiv2][(partial)header] POST https://serviceusage.googleapis.com/v1/projects/778714732488/services/run.googleapis.com:enable  x-goog-user-project=778714732488
[debug] [2026-08-14T14:01:14.200Z] <<< [apiv2][status] GET https://serviceusage.googleapis.com/v1/projects/778714732488/services/storage.googleapis.com 200
[debug] [2026-08-14T14:01:14.200Z] <<< [apiv2][body] GET https://serviceusage.googleapis.com/v1/projects/778714732488/services/storage.googleapis.com [omitted]
[info] +  functions: required API storage.googleapis.com is enabled 
[debug] [2026-08-14T14:01:14.991Z] <<< [apiv2][status] POST https://serviceusage.googleapis.com/v1/projects/778714732488/services/run.googleapis.com:enable 200
[debug] [2026-08-14T14:01:14.991Z] <<< [apiv2][body] POST https://serviceusage.googleapis.com/v1/projects/778714732488/services/run.googleapis.com:enable [omitted]
[debug] [2026-08-14T14:01:15.626Z] <<< [apiv2][status] POST https://serviceusage.googleapis.com/v1/projects/778714732488/services/eventarc.googleapis.com:enable 200
[debug] [2026-08-14T14:01:15.626Z] <<< [apiv2][body] POST https://serviceusage.googleapis.com/v1/projects/778714732488/services/eventarc.googleapis.com:enable [omitted]
[info] i  functions: generating the service identity for pubsub.googleapis.com... 
[debug] [2026-08-14T14:01:25.655Z] Checked if tokens are valid: true, expires at: 1786719613128
[debug] [2026-08-14T14:01:25.656Z] Checked if tokens are valid: true, expires at: 1786719613128
[info] i  functions: generating the service identity for eventarc.googleapis.com... 
[debug] [2026-08-14T14:01:25.656Z] Checked if tokens are valid: true, expires at: 1786719613128
[debug] [2026-08-14T14:01:25.656Z] Checked if tokens are valid: true, expires at: 1786719613128
[debug] [2026-08-14T14:01:25.656Z] >>> [apiv2][query] POST https://serviceusage.googleapis.com/v1beta1/projects/778714732488/services/pubsub.googleapis.com:generateServiceIdentity [none]
[debug] [2026-08-14T14:01:25.657Z] >>> [apiv2][(partial)header] POST https://serviceusage.googleapis.com/v1beta1/projects/778714732488/services/pubsub.googleapis.com:generateServiceIdentity  x-goog-user-project=778714732488
[debug] [2026-08-14T14:01:25.657Z] >>> [apiv2][body] POST https://serviceusage.googleapis.com/v1beta1/projects/778714732488/services/pubsub.googleapis.com:generateServiceIdentity {}
[debug] [2026-08-14T14:01:25.657Z] >>> [apiv2][query] POST https://serviceusage.googleapis.com/v1beta1/projects/778714732488/services/eventarc.googleapis.com:generateServiceIdentity [none]
[debug] [2026-08-14T14:01:25.657Z] >>> [apiv2][(partial)header] POST https://serviceusage.googleapis.com/v1beta1/projects/778714732488/services/eventarc.googleapis.com:generateServiceIdentity  x-goog-user-project=778714732488
[debug] [2026-08-14T14:01:25.657Z] >>> [apiv2][body] POST https://serviceusage.googleapis.com/v1beta1/projects/778714732488/services/eventarc.googleapis.com:generateServiceIdentity {}
[debug] [2026-08-14T14:01:27.461Z] <<< [apiv2][status] POST https://serviceusage.googleapis.com/v1beta1/projects/778714732488/services/eventarc.googleapis.com:generateServiceIdentity 200
[debug] [2026-08-14T14:01:27.461Z] <<< [apiv2][body] POST https://serviceusage.googleapis.com/v1beta1/projects/778714732488/services/eventarc.googleapis.com:generateServiceIdentity {"name":"operations/finished.DONE_OPERATION","done":true,"response":{"@type":"type.googleapis.com/google.api.serviceusage.v1beta1.ServiceIdentity","email":"service-778714732488@gcp-sa-eventarc.iam.gserviceaccount.com","uniqueId":"116450060059931043078"}}
[debug] [2026-08-14T14:01:27.500Z] <<< [apiv2][status] POST https://serviceusage.googleapis.com/v1beta1/projects/778714732488/services/pubsub.googleapis.com:generateServiceIdentity 200
[debug] [2026-08-14T14:01:27.501Z] <<< [apiv2][body] POST https://serviceusage.googleapis.com/v1beta1/projects/778714732488/services/pubsub.googleapis.com:generateServiceIdentity {"name":"operations/finished.DONE_OPERATION","done":true,"response":{"@type":"type.googleapis.com/google.api.serviceusage.v1beta1.ServiceIdentity","email":"service-778714732488@gcp-sa-pubsub.iam.gserviceaccount.com","uniqueId":"117589359908452622767"}}
[debug] [2026-08-14T14:01:27.506Z] Checked if tokens are valid: true, expires at: 1786719613128
[debug] [2026-08-14T14:01:27.506Z] Checked if tokens are valid: true, expires at: 1786719613128
[debug] [2026-08-14T14:01:27.506Z] >>> [apiv2][query] GET https://cloudresourcemanager.googleapis.com/v1/projects/pixel-art-challenge-a7f4d [none]
[debug] [2026-08-14T14:01:28.790Z] <<< [apiv2][status] GET https://cloudresourcemanager.googleapis.com/v1/projects/pixel-art-challenge-a7f4d 200
[debug] [2026-08-14T14:01:28.790Z] <<< [apiv2][body] GET https://cloudresourcemanager.googleapis.com/v1/projects/pixel-art-challenge-a7f4d {"projectNumber":"778714732488","projectId":"pixel-art-challenge-a7f4d","lifecycleState":"ACTIVE","name":"pixel-art-challenge","labels":{"firebase":"enabled","firebase-core":"disabled"},"createTime":"2026-08-10T13:13:07.184Z"}
[debug] [2026-08-14T14:01:28.791Z] Checked if tokens are valid: true, expires at: 1786719613128
[debug] [2026-08-14T14:01:28.791Z] Checked if tokens are valid: true, expires at: 1786719613128
[debug] [2026-08-14T14:01:28.791Z] >>> [apiv2][query] GET https://compute.googleapis.com/compute/v1/projects/778714732488 [none]
[debug] [2026-08-14T14:01:29.395Z] <<< [apiv2][status] GET https://compute.googleapis.com/compute/v1/projects/778714732488 403
[debug] [2026-08-14T14:01:29.395Z] <<< [apiv2][body] GET https://compute.googleapis.com/compute/v1/projects/778714732488 {"error":{"code":403,"message":"Compute Engine API has not been used in project 778714732488 before or it is disabled. Enable it by visiting https://console.developers.google.com/apis/api/compute.googleapis.com/overview?project=778714732488 then retry. If you enabled this API recently, wait a few minutes for the action to propagate to our systems and retry.","errors":[{"message":"Compute Engine API has not been used in project 778714732488 before or it is disabled. Enable it by visiting https://console.developers.google.com/apis/api/compute.googleapis.com/overview?project=778714732488 then retry. If you enabled this API recently, wait a few minutes for the action to propagate to our systems and retry.","domain":"usageLimits","reason":"accessNotConfigured","extendedHelp":"https://console.developers.google.com"}],"status":"PERMISSION_DENIED","details":[{"@type":"type.googleapis.com/google.rpc.ErrorInfo","reason":"SERVICE_DISABLED","domain":"googleapis.com","metadata":{"activationUrl":"https://console.developers.google.com/apis/api/compute.googleapis.com/overview?project=778714732488","consumer":"projects/778714732488","serviceTitle":"Compute Engine API","containerInfo":"778714732488","service":"compute.googleapis.com"}},{"@type":"type.googleapis.com/google.rpc.LocalizedMessage","locale":"en-US","message":"Compute Engine API has not been used in project 778714732488 before or it is disabled. Enable it by visiting https://console.developers.google.com/apis/api/compute.googleapis.com/overview?project=778714732488 then retry. If you enabled this API recently, wait a few minutes for the action to propagate to our systems and retry."},{"@type":"type.googleapis.com/google.rpc.Help","links":[{"description":"Google developers console API activation","url":"https://console.developers.google.com/apis/api/compute.googleapis.com/overview?project=778714732488"}]}]}}
[debug] [2026-08-14T14:01:29.397Z] unable to look up default compute service account. Falling back to 778714732488-compute@developer.gserviceaccount.com. Error: {"name":"FirebaseError","children":[],"context":{"body":{"error":{"code":403,"message":"Compute Engine API has not been used in project 778714732488 before or it is disabled. Enable it by visiting https://console.developers.google.com/apis/api/compute.googleapis.com/overview?project=778714732488 then retry. If you enabled this API recently, wait a few minutes for the action to propagate to our systems and retry.","errors":[{"message":"Compute Engine API has not been used in project 778714732488 before or it is disabled. Enable it by visiting https://console.developers.google.com/apis/api/compute.googleapis.com/overview?project=778714732488 then retry. If you enabled this API recently, wait a few minutes for the action to propagate to our systems and retry.","domain":"usageLimits","reason":"accessNotConfigured","extendedHelp":"https://console.developers.google.com"}],"status":"PERMISSION_DENIED","details":[{"@type":"type.googleapis.com/google.rpc.ErrorInfo","reason":"SERVICE_DISABLED","domain":"googleapis.com","metadata":{"activationUrl":"https://console.developers.google.com/apis/api/compute.googleapis.com/overview?project=778714732488","consumer":"projects/778714732488","serviceTitle":"Compute Engine API","containerInfo":"778714732488","service":"compute.googleapis.com"}},{"@type":"type.googleapis.com/google.rpc.LocalizedMessage","locale":"en-US","message":"Compute Engine API has not been used in project 778714732488 before or it is disabled. Enable it by visiting https://console.developers.google.com/apis/api/compute.googleapis.com/overview?project=778714732488 then retry. If you enabled this API recently, wait a few minutes for the action to propagate to our systems and retry."},{"@type":"type.googleapis.com/google.rpc.Help","links":[{"description":"Google developers console API activation","url":"https://console.developers.google.com/apis/api/compute.googleapis.com/overview?project=778714732488"}]}]}},"response":{"statusCode":403}},"exit":1,"message":"Request to https://compute.googleapis.com/compute/v1/projects/778714732488 had HTTP Error: 403, Compute Engine API has not been used in project 778714732488 before or it is disabled. Enable it by visiting https://console.developers.google.com/apis/api/compute.googleapis.com/overview?project=778714732488 then retry. If you enabled this API recently, wait a few minutes for the action to propagate to our systems and retry.","status":403}
[debug] [2026-08-14T14:01:29.400Z] Checked if tokens are valid: true, expires at: 1786719613128
[debug] [2026-08-14T14:01:29.400Z] Checked if tokens are valid: true, expires at: 1786719613128
[debug] [2026-08-14T14:01:29.400Z] >>> [apiv2][query] GET https://serviceusage.googleapis.com/v1/projects/pixel-art-challenge-a7f4d/services/cloudbilling.googleapis.com [none]
[debug] [2026-08-14T14:01:29.400Z] >>> [apiv2][(partial)header] GET https://serviceusage.googleapis.com/v1/projects/pixel-art-challenge-a7f4d/services/cloudbilling.googleapis.com  x-goog-user-project=pixel-art-challenge-a7f4d
[debug] [2026-08-14T14:01:30.469Z] <<< [apiv2][status] GET https://serviceusage.googleapis.com/v1/projects/pixel-art-challenge-a7f4d/services/cloudbilling.googleapis.com 200
[debug] [2026-08-14T14:01:30.469Z] <<< [apiv2][body] GET https://serviceusage.googleapis.com/v1/projects/pixel-art-challenge-a7f4d/services/cloudbilling.googleapis.com [omitted]
[debug] [2026-08-14T14:01:30.469Z] Checked if tokens are valid: true, expires at: 1786719613128
[debug] [2026-08-14T14:01:30.469Z] Checked if tokens are valid: true, expires at: 1786719613128
[debug] [2026-08-14T14:01:30.469Z] >>> [apiv2][query] POST https://serviceusage.googleapis.com/v1/projects/pixel-art-challenge-a7f4d/services/cloudbilling.googleapis.com:enable [none]
[debug] [2026-08-14T14:01:30.470Z] >>> [apiv2][(partial)header] POST https://serviceusage.googleapis.com/v1/projects/pixel-art-challenge-a7f4d/services/cloudbilling.googleapis.com:enable  x-goog-user-project=pixel-art-challenge-a7f4d
[debug] [2026-08-14T14:01:31.906Z] <<< [apiv2][status] POST https://serviceusage.googleapis.com/v1/projects/pixel-art-challenge-a7f4d/services/cloudbilling.googleapis.com:enable 200
[debug] [2026-08-14T14:01:31.906Z] <<< [apiv2][body] POST https://serviceusage.googleapis.com/v1/projects/pixel-art-challenge-a7f4d/services/cloudbilling.googleapis.com:enable [omitted]
[debug] [2026-08-14T14:01:41.924Z] Checked if tokens are valid: true, expires at: 1786719613128
[debug] [2026-08-14T14:01:41.924Z] Checked if tokens are valid: true, expires at: 1786719613128
[debug] [2026-08-14T14:01:41.924Z] >>> [apiv2][query] GET https://cloudbilling.googleapis.com/v1/projects/pixel-art-challenge-a7f4d/billingInfo [none]
[debug] [2026-08-14T14:01:41.924Z] >>> [apiv2][(partial)header] GET https://cloudbilling.googleapis.com/v1/projects/pixel-art-challenge-a7f4d/billingInfo  x-goog-user-project=pixel-art-challenge-a7f4d
[debug] [2026-08-14T14:01:42.499Z] <<< [apiv2][status] GET https://cloudbilling.googleapis.com/v1/projects/pixel-art-challenge-a7f4d/billingInfo 200
[debug] [2026-08-14T14:01:42.499Z] <<< [apiv2][body] GET https://cloudbilling.googleapis.com/v1/projects/pixel-art-challenge-a7f4d/billingInfo {"name":"projects/pixel-art-challenge-a7f4d/billingInfo","projectId":"pixel-art-challenge-a7f4d","billingAccountName":"billingAccounts/01F69B-EBF0E7-8330DC","billingEnabled":true}
[debug] [2026-08-14T14:01:42.502Z] Checked if tokens are valid: true, expires at: 1786719613128
[debug] [2026-08-14T14:01:42.502Z] Checked if tokens are valid: true, expires at: 1786719613128
[debug] [2026-08-14T14:01:42.502Z] >>> [apiv2][query] POST https://cloudfunctions.googleapis.com/v2/projects/pixel-art-challenge-a7f4d/locations/us-central1/functions:generateUploadUrl [none]
[debug] [2026-08-14T14:01:44.895Z] <<< [apiv2][status] POST https://cloudfunctions.googleapis.com/v2/projects/pixel-art-challenge-a7f4d/locations/us-central1/functions:generateUploadUrl 200
[debug] [2026-08-14T14:01:44.895Z] <<< [apiv2][body] POST https://cloudfunctions.googleapis.com/v2/projects/pixel-art-challenge-a7f4d/locations/us-central1/functions:generateUploadUrl {"uploadUrl":"https://storage.googleapis.com/gcf-v2-uploads-778714732488.us-central1.cloudfunctions.appspot.com/ab476a5e-1302-4700-a243-eebcb1a561f7.zip?GoogleAccessId=service-778714732488@gcf-admin-robot.iam.gserviceaccount.com&Expires=1786717902&Signature=NME0aCXz3yBCgPQ04mDT8MGQXHZK%2Bb6w0idB0qbWx2h0Qwz6nxdpRkjZtJFguSJuUiTWgfKJAuuBUb%2BXaAtjQFo04gP83nUUFicUla%2FFTbTlZAu%2FZDC6wNmq0GI%2BS5RnJ8539BABAeU9ZD7LMUUqHVD%2Bf%2FOam693wCPY4o%2B%2FUGPrmsTquqSU1SBt7nM1AkhBmHJmHBpk2eE6ZvgQgMq1F8JRsAjDpPyrbnPj6Q922ugOACdr9qMOseRLeU6Ac8p6COGa3IYPv0Utt5oYhbsSeE6eQ%2Bfp4JcEwRs%2FhGLC7d%2BueP4KDMespYz0x0b9DXMTks2rr4OtHKa1UtCtk623jg%3D%3D","storageSource":{"bucket":"gcf-v2-uploads-778714732488.us-central1.cloudfunctions.appspot.com","object":"ab476a5e-1302-4700-a243-eebcb1a561f7.zip"}}
[debug] [2026-08-14T14:01:44.897Z] >>> [apiv2][query] PUT https://storage.googleapis.com/gcf-v2-uploads-778714732488.us-central1.cloudfunctions.appspot.com/ab476a5e-1302-4700-a243-eebcb1a561f7.zip GoogleAccessId=service-778714732488%40gcf-admin-robot.iam.gserviceaccount.com&Expires=1786717902&Signature=NME0aCXz3yBCgPQ04mDT8MGQXHZK%2Bb6w0idB0qbWx2h0Qwz6nxdpRkjZtJFguSJuUiTWgfKJAuuBUb%2BXaAtjQFo04gP83nUUFicUla%2FFTbTlZAu%2FZDC6wNmq0GI%2BS5RnJ8539BABAeU9ZD7LMUUqHVD%2Bf%2FOam693wCPY4o%2B%2FUGPrmsTquqSU1SBt7nM1AkhBmHJmHBpk2eE6ZvgQgMq1F8JRsAjDpPyrbnPj6Q922ugOACdr9qMOseRLeU6Ac8p6COGa3IYPv0Utt5oYhbsSeE6eQ%2Bfp4JcEwRs%2FhGLC7d%2BueP4KDMespYz0x0b9DXMTks2rr4OtHKa1UtCtk623jg%3D%3D
[debug] [2026-08-14T14:01:44.897Z] >>> [apiv2][body] PUT https://storage.googleapis.com/gcf-v2-uploads-778714732488.us-central1.cloudfunctions.appspot.com/ab476a5e-1302-4700-a243-eebcb1a561f7.zip [stream]
[debug] [2026-08-14T14:01:45.692Z] <<< [apiv2][status] PUT https://storage.googleapis.com/gcf-v2-uploads-778714732488.us-central1.cloudfunctions.appspot.com/ab476a5e-1302-4700-a243-eebcb1a561f7.zip 200
[debug] [2026-08-14T14:01:45.692Z] <<< [apiv2][body] PUT https://storage.googleapis.com/gcf-v2-uploads-778714732488.us-central1.cloudfunctions.appspot.com/ab476a5e-1302-4700-a243-eebcb1a561f7.zip [omitted]
[info] +  functions: functions source uploaded successfully 
[info] i  functions: creating Node.js 20 (2nd Gen) function manageChallenges(us-central1)... 
[debug] [2026-08-14T14:01:45.702Z] Checked if tokens are valid: true, expires at: 1786719613128
[debug] [2026-08-14T14:01:45.702Z] Checked if tokens are valid: true, expires at: 1786719613128
[debug] [2026-08-14T14:01:45.702Z] >>> [apiv2][query] POST https://cloudfunctions.googleapis.com/v2/projects/pixel-art-challenge-a7f4d/locations/us-central1/functions functionId=manageChallenges
[debug] [2026-08-14T14:01:45.702Z] >>> [apiv2][body] POST https://cloudfunctions.googleapis.com/v2/projects/pixel-art-challenge-a7f4d/locations/us-central1/functions {"name":"projects/pixel-art-challenge-a7f4d/locations/us-central1/functions/manageChallenges","buildConfig":{"runtime":"nodejs20","entryPoint":"manageChallenges","source":{"storageSource":{"bucket":"gcf-v2-uploads-778714732488.us-central1.cloudfunctions.appspot.com","object":"ab476a5e-1302-4700-a243-eebcb1a561f7.zip"}},"environmentVariables":{"GOOGLE_NODE_RUN_SCRIPTS":""}},"serviceConfig":{"environmentVariables":{"FIREBASE_CONFIG":"{\"projectId\":\"pixel-art-challenge-a7f4d\",\"storageBucket\":\"pixel-art-challenge-a7f4d.firebasestorage.app\"}","GCLOUD_PROJECT":"pixel-art-challenge-a7f4d","EVENTARC_CLOUD_EVENT_SOURCE":"projects/pixel-art-challenge-a7f4d/locations/us-central1/services/manageChallenges","FUNCTION_REGION":"us-central1","FUNCTION_TARGET":"manageChallenges","LOG_EXECUTION_ID":"true"},"ingressSettings":null,"timeoutSeconds":null,"serviceAccountEmail":null,"availableMemory":"256Mi","minInstanceCount":null,"maxInstanceCount":1,"maxInstanceRequestConcurrency":80,"availableCpu":"1","vpcConnector":null,"vpcConnectorEgressSettings":null,"directVpcNetworkInterface":null,"directVpcEgress":null},"labels":{"deployment-tool":"cli-firebase","deployment-scheduled":"true","firebase-functions-hash":"82d458745cd7335062513f214caaa3fcf525a39b"}}
[debug] [2026-08-14T14:01:47.936Z] <<< [apiv2][status] POST https://cloudfunctions.googleapis.com/v2/projects/pixel-art-challenge-a7f4d/locations/us-central1/functions 200
[debug] [2026-08-14T14:01:47.936Z] <<< [apiv2][body] POST https://cloudfunctions.googleapis.com/v2/projects/pixel-art-challenge-a7f4d/locations/us-central1/functions {"name":"projects/pixel-art-challenge-a7f4d/locations/us-central1/operations/operation-1786716104637-6590242bb3a71-4cdc3e4c-c277ca73","metadata":{"@type":"type.googleapis.com/google.cloud.functions.v2.OperationMetadata","createTime":"2026-08-14T14:01:45.930567658Z","target":"projects/pixel-art-challenge-a7f4d/locations/us-central1/functions/manageChallenges","verb":"create","cancelRequested":false,"apiVersion":"v2"},"done":false}
[debug] [2026-08-14T14:01:47.937Z] Checked if tokens are valid: true, expires at: 1786719613128
[debug] [2026-08-14T14:01:47.937Z] Checked if tokens are valid: true, expires at: 1786719613128
[debug] [2026-08-14T14:01:47.937Z] >>> [apiv2][query] GET https://cloudfunctions.googleapis.com/v2/projects/pixel-art-challenge-a7f4d/locations/us-central1/operations/operation-1786716104637-6590242bb3a71-4cdc3e4c-c277ca73 [none]
[debug] [2026-08-14T14:01:48.256Z] <<< [apiv2][status] GET https://cloudfunctions.googleapis.com/v2/projects/pixel-art-challenge-a7f4d/locations/us-central1/operations/operation-1786716104637-6590242bb3a71-4cdc3e4c-c277ca73 200
[debug] [2026-08-14T14:01:48.256Z] <<< [apiv2][body] GET https://cloudfunctions.googleapis.com/v2/projects/pixel-art-challenge-a7f4d/locations/us-central1/operations/operation-1786716104637-6590242bb3a71-4cdc3e4c-c277ca73 {"name":"projects/pixel-art-challenge-a7f4d/locations/us-central1/operations/operation-1786716104637-6590242bb3a71-4cdc3e4c-c277ca73","metadata":{"@type":"type.googleapis.com/google.cloud.functions.v2.OperationMetadata","createTime":"2026-08-14T14:01:45.930567658Z","target":"projects/pixel-art-challenge-a7f4d/locations/us-central1/functions/manageChallenges","verb":"create","cancelRequested":false,"apiVersion":"v2","requestResource":{"@type":"type.googleapis.com/google.cloud.functions.v2.Function","name":"projects/pixel-art-challenge-a7f4d/locations/us-central1/functions/manageChallenges","buildConfig":{"runtime":"nodejs20","entryPoint":"manageChallenges","source":{"storageSource":{"bucket":"gcf-v2-sources-778714732488-us-central1","object":"manageChallenges/function-source.zip","generation":"1786716105487912"}},"environmentVariables":{"GOOGLE_NODE_RUN_SCRIPTS":""},"serviceAccount":"projects/pixel-art-challenge-a7f4d/serviceAccounts/778714732488-compute@developer.gserviceaccount.com","automaticUpdatePolicy":{}},"serviceConfig":{"service":"projects/pixel-art-challenge-a7f4d/locations/us-central1/services/managechallenges","timeoutSeconds":60,"environmentVariables":{"FIREBASE_CONFIG":"{\"projectId\":\"pixel-art-challenge-a7f4d\",\"storageBucket\":\"pixel-art-challenge-a7f4d.firebasestorage.app\"}","GCLOUD_PROJECT":"pixel-art-challenge-a7f4d","EVENTARC_CLOUD_EVENT_SOURCE":"projects/pixel-art-challenge-a7f4d/locations/us-central1/services/manageChallenges","FUNCTION_REGION":"us-central1","FUNCTION_TARGET":"manageChallenges","LOG_EXECUTION_ID":"true"},"maxInstanceCount":1,"ingressSettings":"ALLOW_ALL","serviceAccountEmail":"778714732488-compute@developer.gserviceaccount.com","availableMemory":"256Mi","maxInstanceRequestConcurrency":80,"availableCpu":"1"},"labels":{"deployment-tool":"cli-firebase","deployment-scheduled":"true","firebase-functions-hash":"82d458745cd7335062513f214caaa3fcf525a39b"},"environment":"GEN_2"},"stages":[{"name":"BUILD","state":"NOT_STARTED","stateMessages":[{"severity":"WARNING","type":"BuildAnalysisWarning","message":"Node.js 20 is no longer supported by the Node.js community as of 30 April, 2026. Node.js 20 will be decommissioned on 2026-10-30. As of 2026-10-30 you will no longer be able to deploy your Cloud Functions using nodejs20. We recommend you to upgrade to the latest version of Node.js as soon as possible."}]},{"name":"SERVICE","state":"NOT_STARTED"}],"operationType":"CREATE_FUNCTION"},"done":false}
[debug] [2026-08-14T14:01:48.762Z] [create-default-us-central1-manageChallenges] Retrying task index 0
[debug] [2026-08-14T14:01:48.763Z] Checked if tokens are valid: true, expires at: 1786719613128
[debug] [2026-08-14T14:01:48.763Z] Checked if tokens are valid: true, expires at: 1786719613128
[debug] [2026-08-14T14:01:48.763Z] >>> [apiv2][query] GET https://cloudfunctions.googleapis.com/v2/projects/pixel-art-challenge-a7f4d/locations/us-central1/operations/operation-1786716104637-6590242bb3a71-4cdc3e4c-c277ca73 [none]
[debug] [2026-08-14T14:01:49.105Z] <<< [apiv2][status] GET https://cloudfunctions.googleapis.com/v2/projects/pixel-art-challenge-a7f4d/locations/us-central1/operations/operation-1786716104637-6590242bb3a71-4cdc3e4c-c277ca73 200
[debug] [2026-08-14T14:01:49.105Z] <<< [apiv2][body] GET https://cloudfunctions.googleapis.com/v2/projects/pixel-art-challenge-a7f4d/locations/us-central1/operations/operation-1786716104637-6590242bb3a71-4cdc3e4c-c277ca73 {"name":"projects/pixel-art-challenge-a7f4d/locations/us-central1/operations/operation-1786716104637-6590242bb3a71-4cdc3e4c-c277ca73","metadata":{"@type":"type.googleapis.com/google.cloud.functions.v2.OperationMetadata","createTime":"2026-08-14T14:01:45.930567658Z","target":"projects/pixel-art-challenge-a7f4d/locations/us-central1/functions/manageChallenges","verb":"create","cancelRequested":false,"apiVersion":"v2","requestResource":{"@type":"type.googleapis.com/google.cloud.functions.v2.Function","name":"projects/pixel-art-challenge-a7f4d/locations/us-central1/functions/manageChallenges","buildConfig":{"runtime":"nodejs20","entryPoint":"manageChallenges","source":{"storageSource":{"bucket":"gcf-v2-sources-778714732488-us-central1","object":"manageChallenges/function-source.zip","generation":"1786716105487912"}},"environmentVariables":{"GOOGLE_NODE_RUN_SCRIPTS":""},"serviceAccount":"projects/pixel-art-challenge-a7f4d/serviceAccounts/778714732488-compute@developer.gserviceaccount.com","automaticUpdatePolicy":{}},"serviceConfig":{"service":"projects/pixel-art-challenge-a7f4d/locations/us-central1/services/managechallenges","timeoutSeconds":60,"environmentVariables":{"FIREBASE_CONFIG":"{\"projectId\":\"pixel-art-challenge-a7f4d\",\"storageBucket\":\"pixel-art-challenge-a7f4d.firebasestorage.app\"}","GCLOUD_PROJECT":"pixel-art-challenge-a7f4d","EVENTARC_CLOUD_EVENT_SOURCE":"projects/pixel-art-challenge-a7f4d/locations/us-central1/services/manageChallenges","FUNCTION_REGION":"us-central1","FUNCTION_TARGET":"manageChallenges","LOG_EXECUTION_ID":"true"},"maxInstanceCount":1,"ingressSettings":"ALLOW_ALL","serviceAccountEmail":"778714732488-compute@developer.gserviceaccount.com","availableMemory":"256Mi","maxInstanceRequestConcurrency":80,"availableCpu":"1"},"labels":{"deployment-tool":"cli-firebase","deployment-scheduled":"true","firebase-functions-hash":"82d458745cd7335062513f214caaa3fcf525a39b"},"environment":"GEN_2"},"stages":[{"name":"BUILD","state":"NOT_STARTED","stateMessages":[{"severity":"WARNING","type":"BuildAnalysisWarning","message":"Node.js 20 is no longer supported by the Node.js community as of 30 April, 2026. Node.js 20 will be decommissioned on 2026-10-30. As of 2026-10-30 you will no longer be able to deploy your Cloud Functions using nodejs20. We recommend you to upgrade to the latest version of Node.js as soon as possible."}]},{"name":"SERVICE","state":"NOT_STARTED"}],"operationType":"CREATE_FUNCTION"},"done":false}
[debug] [2026-08-14T14:01:50.107Z] [create-default-us-central1-manageChallenges] Retrying task index 0
[debug] [2026-08-14T14:01:50.107Z] Checked if tokens are valid: true, expires at: 1786719613128
[debug] [2026-08-14T14:01:50.107Z] Checked if tokens are valid: true, expires at: 1786719613128
[debug] [2026-08-14T14:01:50.107Z] >>> [apiv2][query] GET https://cloudfunctions.googleapis.com/v2/projects/pixel-art-challenge-a7f4d/locations/us-central1/operations/operation-1786716104637-6590242bb3a71-4cdc3e4c-c277ca73 [none]
[debug] [2026-08-14T14:01:50.493Z] <<< [apiv2][status] GET https://cloudfunctions.googleapis.com/v2/projects/pixel-art-challenge-a7f4d/locations/us-central1/operations/operation-1786716104637-6590242bb3a71-4cdc3e4c-c277ca73 200
[debug] [2026-08-14T14:01:50.493Z] <<< [apiv2][body] GET https://cloudfunctions.googleapis.com/v2/projects/pixel-art-challenge-a7f4d/locations/us-central1/operations/operation-1786716104637-6590242bb3a71-4cdc3e4c-c277ca73 {"name":"projects/pixel-art-challenge-a7f4d/locations/us-central1/operations/operation-1786716104637-6590242bb3a71-4cdc3e4c-c277ca73","metadata":{"@type":"type.googleapis.com/google.cloud.functions.v2.OperationMetadata","createTime":"2026-08-14T14:01:45.930567658Z","target":"projects/pixel-art-challenge-a7f4d/locations/us-central1/functions/manageChallenges","verb":"create","cancelRequested":false,"apiVersion":"v2","requestResource":{"@type":"type.googleapis.com/google.cloud.functions.v2.Function","name":"projects/pixel-art-challenge-a7f4d/locations/us-central1/functions/manageChallenges","buildConfig":{"runtime":"nodejs20","entryPoint":"manageChallenges","source":{"storageSource":{"bucket":"gcf-v2-sources-778714732488-us-central1","object":"manageChallenges/function-source.zip","generation":"1786716105487912"}},"environmentVariables":{"GOOGLE_NODE_RUN_SCRIPTS":""},"serviceAccount":"projects/pixel-art-challenge-a7f4d/serviceAccounts/778714732488-compute@developer.gserviceaccount.com","automaticUpdatePolicy":{}},"serviceConfig":{"service":"projects/pixel-art-challenge-a7f4d/locations/us-central1/services/managechallenges","timeoutSeconds":60,"environmentVariables":{"FIREBASE_CONFIG":"{\"projectId\":\"pixel-art-challenge-a7f4d\",\"storageBucket\":\"pixel-art-challenge-a7f4d.firebasestorage.app\"}","GCLOUD_PROJECT":"pixel-art-challenge-a7f4d","EVENTARC_CLOUD_EVENT_SOURCE":"projects/pixel-art-challenge-a7f4d/locations/us-central1/services/manageChallenges","FUNCTION_REGION":"us-central1","FUNCTION_TARGET":"manageChallenges","LOG_EXECUTION_ID":"true"},"maxInstanceCount":1,"ingressSettings":"ALLOW_ALL","serviceAccountEmail":"778714732488-compute@developer.gserviceaccount.com","availableMemory":"256Mi","maxInstanceRequestConcurrency":80,"availableCpu":"1"},"labels":{"deployment-tool":"cli-firebase","deployment-scheduled":"true","firebase-functions-hash":"82d458745cd7335062513f214caaa3fcf525a39b"},"environment":"GEN_2"},"stages":[{"name":"BUILD","state":"NOT_STARTED","stateMessages":[{"severity":"WARNING","type":"BuildAnalysisWarning","message":"Node.js 20 is no longer supported by the Node.js community as of 30 April, 2026. Node.js 20 will be decommissioned on 2026-10-30. As of 2026-10-30 you will no longer be able to deploy your Cloud Functions using nodejs20. We recommend you to upgrade to the latest version of Node.js as soon as possible."}]},{"name":"SERVICE","state":"NOT_STARTED"}],"operationType":"CREATE_FUNCTION"},"done":false}
[debug] [2026-08-14T14:01:52.505Z] [create-default-us-central1-manageChallenges] Retrying task index 0
[debug] [2026-08-14T14:01:52.505Z] Checked if tokens are valid: true, expires at: 1786719613128
[debug] [2026-08-14T14:01:52.505Z] Checked if tokens are valid: true, expires at: 1786719613128
[debug] [2026-08-14T14:01:52.505Z] >>> [apiv2][query] GET https://cloudfunctions.googleapis.com/v2/projects/pixel-art-challenge-a7f4d/locations/us-central1/operations/operation-1786716104637-6590242bb3a71-4cdc3e4c-c277ca73 [none]
[debug] [2026-08-14T14:01:53.388Z] <<< [apiv2][status] GET https://cloudfunctions.googleapis.com/v2/projects/pixel-art-challenge-a7f4d/locations/us-central1/operations/operation-1786716104637-6590242bb3a71-4cdc3e4c-c277ca73 200
[debug] [2026-08-14T14:01:53.388Z] <<< [apiv2][body] GET https://cloudfunctions.googleapis.com/v2/projects/pixel-art-challenge-a7f4d/locations/us-central1/operations/operation-1786716104637-6590242bb3a71-4cdc3e4c-c277ca73 {"name":"projects/pixel-art-challenge-a7f4d/locations/us-central1/operations/operation-1786716104637-6590242bb3a71-4cdc3e4c-c277ca73","metadata":{"@type":"type.googleapis.com/google.cloud.functions.v2.OperationMetadata","createTime":"2026-08-14T14:01:45.930567658Z","target":"projects/pixel-art-challenge-a7f4d/locations/us-central1/functions/manageChallenges","verb":"create","cancelRequested":false,"apiVersion":"v2","requestResource":{"@type":"type.googleapis.com/google.cloud.functions.v2.Function","name":"projects/pixel-art-challenge-a7f4d/locations/us-central1/functions/manageChallenges","buildConfig":{"runtime":"nodejs20","entryPoint":"manageChallenges","source":{"storageSource":{"bucket":"gcf-v2-sources-778714732488-us-central1","object":"manageChallenges/function-source.zip","generation":"1786716105487912"}},"environmentVariables":{"GOOGLE_NODE_RUN_SCRIPTS":""},"serviceAccount":"projects/pixel-art-challenge-a7f4d/serviceAccounts/778714732488-compute@developer.gserviceaccount.com","automaticUpdatePolicy":{}},"serviceConfig":{"service":"projects/pixel-art-challenge-a7f4d/locations/us-central1/services/managechallenges","timeoutSeconds":60,"environmentVariables":{"FIREBASE_CONFIG":"{\"projectId\":\"pixel-art-challenge-a7f4d\",\"storageBucket\":\"pixel-art-challenge-a7f4d.firebasestorage.app\"}","GCLOUD_PROJECT":"pixel-art-challenge-a7f4d","EVENTARC_CLOUD_EVENT_SOURCE":"projects/pixel-art-challenge-a7f4d/locations/us-central1/services/manageChallenges","FUNCTION_REGION":"us-central1","FUNCTION_TARGET":"manageChallenges","LOG_EXECUTION_ID":"true"},"maxInstanceCount":1,"ingressSettings":"ALLOW_ALL","serviceAccountEmail":"778714732488-compute@developer.gserviceaccount.com","availableMemory":"256Mi","maxInstanceRequestConcurrency":80,"availableCpu":"1"},"labels":{"deployment-tool":"cli-firebase","deployment-scheduled":"true","firebase-functions-hash":"82d458745cd7335062513f214caaa3fcf525a39b"},"environment":"GEN_2"},"stages":[{"name":"BUILD","state":"NOT_STARTED","stateMessages":[{"severity":"WARNING","type":"BuildAnalysisWarning","message":"Node.js 20 is no longer supported by the Node.js community as of 30 April, 2026. Node.js 20 will be decommissioned on 2026-10-30. As of 2026-10-30 you will no longer be able to deploy your Cloud Functions using nodejs20. We recommend you to upgrade to the latest version of Node.js as soon as possible."}]},{"name":"SERVICE","state":"NOT_STARTED"}],"operationType":"CREATE_FUNCTION"},"done":false}
[debug] [2026-08-14T14:01:57.392Z] [create-default-us-central1-manageChallenges] Retrying task index 0
[debug] [2026-08-14T14:01:57.393Z] Checked if tokens are valid: true, expires at: 1786719613128
[debug] [2026-08-14T14:01:57.393Z] Checked if tokens are valid: true, expires at: 1786719613128
[debug] [2026-08-14T14:01:57.393Z] >>> [apiv2][query] GET https://cloudfunctions.googleapis.com/v2/projects/pixel-art-challenge-a7f4d/locations/us-central1/operations/operation-1786716104637-6590242bb3a71-4cdc3e4c-c277ca73 [none]
[debug] [2026-08-14T14:01:58.500Z] <<< [apiv2][status] GET https://cloudfunctions.googleapis.com/v2/projects/pixel-art-challenge-a7f4d/locations/us-central1/operations/operation-1786716104637-6590242bb3a71-4cdc3e4c-c277ca73 200
[debug] [2026-08-14T14:01:58.500Z] <<< [apiv2][body] GET https://cloudfunctions.googleapis.com/v2/projects/pixel-art-challenge-a7f4d/locations/us-central1/operations/operation-1786716104637-6590242bb3a71-4cdc3e4c-c277ca73 {"name":"projects/pixel-art-challenge-a7f4d/locations/us-central1/operations/operation-1786716104637-6590242bb3a71-4cdc3e4c-c277ca73","metadata":{"@type":"type.googleapis.com/google.cloud.functions.v2.OperationMetadata","createTime":"2026-08-14T14:01:45.930567658Z","target":"projects/pixel-art-challenge-a7f4d/locations/us-central1/functions/manageChallenges","verb":"create","cancelRequested":false,"apiVersion":"v2","requestResource":{"@type":"type.googleapis.com/google.cloud.functions.v2.Function","name":"projects/pixel-art-challenge-a7f4d/locations/us-central1/functions/manageChallenges","buildConfig":{"runtime":"nodejs20","entryPoint":"manageChallenges","source":{"storageSource":{"bucket":"gcf-v2-sources-778714732488-us-central1","object":"manageChallenges/function-source.zip","generation":"1786716105487912"}},"environmentVariables":{"GOOGLE_NODE_RUN_SCRIPTS":""},"serviceAccount":"projects/pixel-art-challenge-a7f4d/serviceAccounts/778714732488-compute@developer.gserviceaccount.com","automaticUpdatePolicy":{}},"serviceConfig":{"service":"projects/pixel-art-challenge-a7f4d/locations/us-central1/services/managechallenges","timeoutSeconds":60,"environmentVariables":{"FIREBASE_CONFIG":"{\"projectId\":\"pixel-art-challenge-a7f4d\",\"storageBucket\":\"pixel-art-challenge-a7f4d.firebasestorage.app\"}","GCLOUD_PROJECT":"pixel-art-challenge-a7f4d","EVENTARC_CLOUD_EVENT_SOURCE":"projects/pixel-art-challenge-a7f4d/locations/us-central1/services/manageChallenges","FUNCTION_REGION":"us-central1","FUNCTION_TARGET":"manageChallenges","LOG_EXECUTION_ID":"true"},"maxInstanceCount":1,"ingressSettings":"ALLOW_ALL","serviceAccountEmail":"778714732488-compute@developer.gserviceaccount.com","availableMemory":"256Mi","maxInstanceRequestConcurrency":80,"availableCpu":"1"},"labels":{"deployment-tool":"cli-firebase","deployment-scheduled":"true","firebase-functions-hash":"82d458745cd7335062513f214caaa3fcf525a39b"},"environment":"GEN_2"},"stages":[{"name":"BUILD","state":"NOT_STARTED","stateMessages":[{"severity":"WARNING","type":"BuildAnalysisWarning","message":"Node.js 20 is no longer supported by the Node.js community as of 30 April, 2026. Node.js 20 will be decommissioned on 2026-10-30. As of 2026-10-30 you will no longer be able to deploy your Cloud Functions using nodejs20. We recommend you to upgrade to the latest version of Node.js as soon as possible."}]},{"name":"SERVICE","state":"NOT_STARTED"}],"operationType":"CREATE_FUNCTION"},"done":false}
[debug] [2026-08-14T14:02:06.509Z] [create-default-us-central1-manageChallenges] Retrying task index 0
[debug] [2026-08-14T14:02:06.509Z] Checked if tokens are valid: true, expires at: 1786719613128
[debug] [2026-08-14T14:02:06.509Z] Checked if tokens are valid: true, expires at: 1786719613128
[debug] [2026-08-14T14:02:06.509Z] >>> [apiv2][query] GET https://cloudfunctions.googleapis.com/v2/projects/pixel-art-challenge-a7f4d/locations/us-central1/operations/operation-1786716104637-6590242bb3a71-4cdc3e4c-c277ca73 [none]
[debug] [2026-08-14T14:02:07.613Z] <<< [apiv2][status] GET https://cloudfunctions.googleapis.com/v2/projects/pixel-art-challenge-a7f4d/locations/us-central1/operations/operation-1786716104637-6590242bb3a71-4cdc3e4c-c277ca73 200
[debug] [2026-08-14T14:02:07.613Z] <<< [apiv2][body] GET https://cloudfunctions.googleapis.com/v2/projects/pixel-art-challenge-a7f4d/locations/us-central1/operations/operation-1786716104637-6590242bb3a71-4cdc3e4c-c277ca73 {"name":"projects/pixel-art-challenge-a7f4d/locations/us-central1/operations/operation-1786716104637-6590242bb3a71-4cdc3e4c-c277ca73","metadata":{"@type":"type.googleapis.com/google.cloud.functions.v2.OperationMetadata","createTime":"2026-08-14T14:01:45.930567658Z","target":"projects/pixel-art-challenge-a7f4d/locations/us-central1/functions/manageChallenges","verb":"create","cancelRequested":false,"apiVersion":"v2","requestResource":{"@type":"type.googleapis.com/google.cloud.functions.v2.Function","name":"projects/pixel-art-challenge-a7f4d/locations/us-central1/functions/manageChallenges","buildConfig":{"runtime":"nodejs20","entryPoint":"manageChallenges","source":{"storageSource":{"bucket":"gcf-v2-sources-778714732488-us-central1","object":"manageChallenges/function-source.zip","generation":"1786716105487912"}},"environmentVariables":{"GOOGLE_NODE_RUN_SCRIPTS":""},"serviceAccount":"projects/pixel-art-challenge-a7f4d/serviceAccounts/778714732488-compute@developer.gserviceaccount.com","automaticUpdatePolicy":{}},"serviceConfig":{"service":"projects/pixel-art-challenge-a7f4d/locations/us-central1/services/managechallenges","timeoutSeconds":60,"environmentVariables":{"FIREBASE_CONFIG":"{\"projectId\":\"pixel-art-challenge-a7f4d\",\"storageBucket\":\"pixel-art-challenge-a7f4d.firebasestorage.app\"}","GCLOUD_PROJECT":"pixel-art-challenge-a7f4d","EVENTARC_CLOUD_EVENT_SOURCE":"projects/pixel-art-challenge-a7f4d/locations/us-central1/services/manageChallenges","FUNCTION_REGION":"us-central1","FUNCTION_TARGET":"manageChallenges","LOG_EXECUTION_ID":"true"},"maxInstanceCount":1,"ingressSettings":"ALLOW_ALL","serviceAccountEmail":"778714732488-compute@developer.gserviceaccount.com","availableMemory":"256Mi","maxInstanceRequestConcurrency":80,"availableCpu":"1"},"labels":{"deployment-tool":"cli-firebase","deployment-scheduled":"true","firebase-functions-hash":"82d458745cd7335062513f214caaa3fcf525a39b"},"environment":"GEN_2"},"stages":[{"name":"BUILD","message":"Build in progress","state":"IN_PROGRESS","resource":"projects/778714732488/locations/us-central1/builds/a7d4326d-eede-427b-8447-55055e4b05d1","resourceUri":"https://console.cloud.google.com/cloud-build/builds;region=us-central1/a7d4326d-eede-427b-8447-55055e4b05d1?project=778714732488"},{"name":"SERVICE","state":"NOT_STARTED"}],"operationType":"CREATE_FUNCTION","buildName":"projects/778714732488/locations/us-central1/builds/a7d4326d-eede-427b-8447-55055e4b05d1"},"done":false}
[debug] [2026-08-14T14:02:17.625Z] [create-default-us-central1-manageChallenges] Retrying task index 0
[debug] [2026-08-14T14:02:17.625Z] Checked if tokens are valid: true, expires at: 1786719613128
[debug] [2026-08-14T14:02:17.625Z] Checked if tokens are valid: true, expires at: 1786719613128
[debug] [2026-08-14T14:02:17.625Z] >>> [apiv2][query] GET https://cloudfunctions.googleapis.com/v2/projects/pixel-art-challenge-a7f4d/locations/us-central1/operations/operation-1786716104637-6590242bb3a71-4cdc3e4c-c277ca73 [none]
[debug] [2026-08-14T14:02:18.654Z] <<< [apiv2][status] GET https://cloudfunctions.googleapis.com/v2/projects/pixel-art-challenge-a7f4d/locations/us-central1/operations/operation-1786716104637-6590242bb3a71-4cdc3e4c-c277ca73 200
[debug] [2026-08-14T14:02:18.654Z] <<< [apiv2][body] GET https://cloudfunctions.googleapis.com/v2/projects/pixel-art-challenge-a7f4d/locations/us-central1/operations/operation-1786716104637-6590242bb3a71-4cdc3e4c-c277ca73 {"name":"projects/pixel-art-challenge-a7f4d/locations/us-central1/operations/operation-1786716104637-6590242bb3a71-4cdc3e4c-c277ca73","metadata":{"@type":"type.googleapis.com/google.cloud.functions.v2.OperationMetadata","createTime":"2026-08-14T14:01:45.930567658Z","target":"projects/pixel-art-challenge-a7f4d/locations/us-central1/functions/manageChallenges","verb":"create","cancelRequested":false,"apiVersion":"v2","requestResource":{"@type":"type.googleapis.com/google.cloud.functions.v2.Function","name":"projects/pixel-art-challenge-a7f4d/locations/us-central1/functions/manageChallenges","buildConfig":{"runtime":"nodejs20","entryPoint":"manageChallenges","source":{"storageSource":{"bucket":"gcf-v2-sources-778714732488-us-central1","object":"manageChallenges/function-source.zip","generation":"1786716105487912"}},"environmentVariables":{"GOOGLE_NODE_RUN_SCRIPTS":""},"serviceAccount":"projects/pixel-art-challenge-a7f4d/serviceAccounts/778714732488-compute@developer.gserviceaccount.com","automaticUpdatePolicy":{}},"serviceConfig":{"service":"projects/pixel-art-challenge-a7f4d/locations/us-central1/services/managechallenges","timeoutSeconds":60,"environmentVariables":{"FIREBASE_CONFIG":"{\"projectId\":\"pixel-art-challenge-a7f4d\",\"storageBucket\":\"pixel-art-challenge-a7f4d.firebasestorage.app\"}","GCLOUD_PROJECT":"pixel-art-challenge-a7f4d","EVENTARC_CLOUD_EVENT_SOURCE":"projects/pixel-art-challenge-a7f4d/locations/us-central1/services/manageChallenges","FUNCTION_REGION":"us-central1","FUNCTION_TARGET":"manageChallenges","LOG_EXECUTION_ID":"true"},"maxInstanceCount":1,"ingressSettings":"ALLOW_ALL","serviceAccountEmail":"778714732488-compute@developer.gserviceaccount.com","availableMemory":"256Mi","maxInstanceRequestConcurrency":80,"availableCpu":"1"},"labels":{"deployment-tool":"cli-firebase","deployment-scheduled":"true","firebase-functions-hash":"82d458745cd7335062513f214caaa3fcf525a39b"},"environment":"GEN_2"},"stages":[{"name":"BUILD","message":"Build in progress","state":"IN_PROGRESS","resource":"projects/778714732488/locations/us-central1/builds/a7d4326d-eede-427b-8447-55055e4b05d1","resourceUri":"https://console.cloud.google.com/cloud-build/builds;region=us-central1/a7d4326d-eede-427b-8447-55055e4b05d1?project=778714732488"},{"name":"SERVICE","state":"NOT_STARTED"}],"operationType":"CREATE_FUNCTION","buildName":"projects/778714732488/locations/us-central1/builds/a7d4326d-eede-427b-8447-55055e4b05d1"},"done":false}
[debug] [2026-08-14T14:02:28.665Z] [create-default-us-central1-manageChallenges] Retrying task index 0
[debug] [2026-08-14T14:02:28.665Z] Checked if tokens are valid: true, expires at: 1786719613128
[debug] [2026-08-14T14:02:28.665Z] Checked if tokens are valid: true, expires at: 1786719613128
[debug] [2026-08-14T14:02:28.665Z] >>> [apiv2][query] GET https://cloudfunctions.googleapis.com/v2/projects/pixel-art-challenge-a7f4d/locations/us-central1/operations/operation-1786716104637-6590242bb3a71-4cdc3e4c-c277ca73 [none]
[debug] [2026-08-14T14:02:29.696Z] <<< [apiv2][status] GET https://cloudfunctions.googleapis.com/v2/projects/pixel-art-challenge-a7f4d/locations/us-central1/operations/operation-1786716104637-6590242bb3a71-4cdc3e4c-c277ca73 200
[debug] [2026-08-14T14:02:29.696Z] <<< [apiv2][body] GET https://cloudfunctions.googleapis.com/v2/projects/pixel-art-challenge-a7f4d/locations/us-central1/operations/operation-1786716104637-6590242bb3a71-4cdc3e4c-c277ca73 {"name":"projects/pixel-art-challenge-a7f4d/locations/us-central1/operations/operation-1786716104637-6590242bb3a71-4cdc3e4c-c277ca73","metadata":{"@type":"type.googleapis.com/google.cloud.functions.v2.OperationMetadata","createTime":"2026-08-14T14:01:45.930567658Z","target":"projects/pixel-art-challenge-a7f4d/locations/us-central1/functions/manageChallenges","verb":"create","cancelRequested":false,"apiVersion":"v2","requestResource":{"@type":"type.googleapis.com/google.cloud.functions.v2.Function","name":"projects/pixel-art-challenge-a7f4d/locations/us-central1/functions/manageChallenges","buildConfig":{"runtime":"nodejs20","entryPoint":"manageChallenges","source":{"storageSource":{"bucket":"gcf-v2-sources-778714732488-us-central1","object":"manageChallenges/function-source.zip","generation":"1786716105487912"}},"environmentVariables":{"GOOGLE_NODE_RUN_SCRIPTS":""},"serviceAccount":"projects/pixel-art-challenge-a7f4d/serviceAccounts/778714732488-compute@developer.gserviceaccount.com","automaticUpdatePolicy":{}},"serviceConfig":{"service":"projects/pixel-art-challenge-a7f4d/locations/us-central1/services/managechallenges","timeoutSeconds":60,"environmentVariables":{"FIREBASE_CONFIG":"{\"projectId\":\"pixel-art-challenge-a7f4d\",\"storageBucket\":\"pixel-art-challenge-a7f4d.firebasestorage.app\"}","GCLOUD_PROJECT":"pixel-art-challenge-a7f4d","EVENTARC_CLOUD_EVENT_SOURCE":"projects/pixel-art-challenge-a7f4d/locations/us-central1/services/manageChallenges","FUNCTION_REGION":"us-central1","FUNCTION_TARGET":"manageChallenges","LOG_EXECUTION_ID":"true"},"maxInstanceCount":1,"ingressSettings":"ALLOW_ALL","serviceAccountEmail":"778714732488-compute@developer.gserviceaccount.com","availableMemory":"256Mi","maxInstanceRequestConcurrency":80,"availableCpu":"1"},"labels":{"deployment-tool":"cli-firebase","deployment-scheduled":"true","firebase-functions-hash":"82d458745cd7335062513f214caaa3fcf525a39b"},"environment":"GEN_2"},"stages":[{"name":"BUILD","message":"Build in progress","state":"IN_PROGRESS","resource":"projects/778714732488/locations/us-central1/builds/a7d4326d-eede-427b-8447-55055e4b05d1","resourceUri":"https://console.cloud.google.com/cloud-build/builds;region=us-central1/a7d4326d-eede-427b-8447-55055e4b05d1?project=778714732488"},{"name":"SERVICE","state":"NOT_STARTED"}],"operationType":"CREATE_FUNCTION","buildName":"projects/778714732488/locations/us-central1/builds/a7d4326d-eede-427b-8447-55055e4b05d1"},"done":false}
[debug] [2026-08-14T14:02:39.737Z] [create-default-us-central1-manageChallenges] Retrying task index 0
[debug] [2026-08-14T14:02:39.738Z] Checked if tokens are valid: true, expires at: 1786719613128
[debug] [2026-08-14T14:02:39.738Z] Checked if tokens are valid: true, expires at: 1786719613128
[debug] [2026-08-14T14:02:39.738Z] >>> [apiv2][query] GET https://cloudfunctions.googleapis.com/v2/projects/pixel-art-challenge-a7f4d/locations/us-central1/operations/operation-1786716104637-6590242bb3a71-4cdc3e4c-c277ca73 [none]
[debug] [2026-08-14T14:02:40.740Z] <<< [apiv2][status] GET https://cloudfunctions.googleapis.com/v2/projects/pixel-art-challenge-a7f4d/locations/us-central1/operations/operation-1786716104637-6590242bb3a71-4cdc3e4c-c277ca73 200
[debug] [2026-08-14T14:02:40.740Z] <<< [apiv2][body] GET https://cloudfunctions.googleapis.com/v2/projects/pixel-art-challenge-a7f4d/locations/us-central1/operations/operation-1786716104637-6590242bb3a71-4cdc3e4c-c277ca73 {"name":"projects/pixel-art-challenge-a7f4d/locations/us-central1/operations/operation-1786716104637-6590242bb3a71-4cdc3e4c-c277ca73","metadata":{"@type":"type.googleapis.com/google.cloud.functions.v2.OperationMetadata","createTime":"2026-08-14T14:01:45.930567658Z","target":"projects/pixel-art-challenge-a7f4d/locations/us-central1/functions/manageChallenges","verb":"create","cancelRequested":false,"apiVersion":"v2","requestResource":{"@type":"type.googleapis.com/google.cloud.functions.v2.Function","name":"projects/pixel-art-challenge-a7f4d/locations/us-central1/functions/manageChallenges","buildConfig":{"runtime":"nodejs20","entryPoint":"manageChallenges","source":{"storageSource":{"bucket":"gcf-v2-sources-778714732488-us-central1","object":"manageChallenges/function-source.zip","generation":"1786716105487912"}},"environmentVariables":{"GOOGLE_NODE_RUN_SCRIPTS":""},"serviceAccount":"projects/pixel-art-challenge-a7f4d/serviceAccounts/778714732488-compute@developer.gserviceaccount.com","automaticUpdatePolicy":{}},"serviceConfig":{"service":"projects/pixel-art-challenge-a7f4d/locations/us-central1/services/managechallenges","timeoutSeconds":60,"environmentVariables":{"FIREBASE_CONFIG":"{\"projectId\":\"pixel-art-challenge-a7f4d\",\"storageBucket\":\"pixel-art-challenge-a7f4d.firebasestorage.app\"}","GCLOUD_PROJECT":"pixel-art-challenge-a7f4d","EVENTARC_CLOUD_EVENT_SOURCE":"projects/pixel-art-challenge-a7f4d/locations/us-central1/services/manageChallenges","FUNCTION_REGION":"us-central1","FUNCTION_TARGET":"manageChallenges","LOG_EXECUTION_ID":"true"},"maxInstanceCount":1,"ingressSettings":"ALLOW_ALL","serviceAccountEmail":"778714732488-compute@developer.gserviceaccount.com","availableMemory":"256Mi","maxInstanceRequestConcurrency":80,"availableCpu":"1"},"labels":{"deployment-tool":"cli-firebase","deployment-scheduled":"true","firebase-functions-hash":"82d458745cd7335062513f214caaa3fcf525a39b"},"environment":"GEN_2"},"stages":[{"name":"BUILD","message":"Build in progress","state":"IN_PROGRESS","resource":"projects/778714732488/locations/us-central1/builds/a7d4326d-eede-427b-8447-55055e4b05d1","resourceUri":"https://console.cloud.google.com/cloud-build/builds;region=us-central1/a7d4326d-eede-427b-8447-55055e4b05d1?project=778714732488"},{"name":"SERVICE","state":"NOT_STARTED"}],"operationType":"CREATE_FUNCTION","buildName":"projects/778714732488/locations/us-central1/builds/a7d4326d-eede-427b-8447-55055e4b05d1"},"done":false}
[debug] [2026-08-14T14:02:50.753Z] [create-default-us-central1-manageChallenges] Retrying task index 0
[debug] [2026-08-14T14:02:50.753Z] Checked if tokens are valid: true, expires at: 1786719613128
[debug] [2026-08-14T14:02:50.753Z] Checked if tokens are valid: true, expires at: 1786719613128
[debug] [2026-08-14T14:02:50.753Z] >>> [apiv2][query] GET https://cloudfunctions.googleapis.com/v2/projects/pixel-art-challenge-a7f4d/locations/us-central1/operations/operation-1786716104637-6590242bb3a71-4cdc3e4c-c277ca73 [none]
[debug] [2026-08-14T14:02:51.701Z] <<< [apiv2][status] GET https://cloudfunctions.googleapis.com/v2/projects/pixel-art-challenge-a7f4d/locations/us-central1/operations/operation-1786716104637-6590242bb3a71-4cdc3e4c-c277ca73 200
[debug] [2026-08-14T14:02:51.701Z] <<< [apiv2][body] GET https://cloudfunctions.googleapis.com/v2/projects/pixel-art-challenge-a7f4d/locations/us-central1/operations/operation-1786716104637-6590242bb3a71-4cdc3e4c-c277ca73 {"name":"projects/pixel-art-challenge-a7f4d/locations/us-central1/operations/operation-1786716104637-6590242bb3a71-4cdc3e4c-c277ca73","metadata":{"@type":"type.googleapis.com/google.cloud.functions.v2.OperationMetadata","createTime":"2026-08-14T14:01:45.930567658Z","target":"projects/pixel-art-challenge-a7f4d/locations/us-central1/functions/manageChallenges","verb":"create","cancelRequested":false,"apiVersion":"v2","requestResource":{"@type":"type.googleapis.com/google.cloud.functions.v2.Function","name":"projects/pixel-art-challenge-a7f4d/locations/us-central1/functions/manageChallenges","buildConfig":{"runtime":"nodejs20","entryPoint":"manageChallenges","source":{"storageSource":{"bucket":"gcf-v2-sources-778714732488-us-central1","object":"manageChallenges/function-source.zip","generation":"1786716105487912"}},"environmentVariables":{"GOOGLE_NODE_RUN_SCRIPTS":""},"serviceAccount":"projects/pixel-art-challenge-a7f4d/serviceAccounts/778714732488-compute@developer.gserviceaccount.com","automaticUpdatePolicy":{}},"serviceConfig":{"service":"projects/pixel-art-challenge-a7f4d/locations/us-central1/services/managechallenges","timeoutSeconds":60,"environmentVariables":{"FIREBASE_CONFIG":"{\"projectId\":\"pixel-art-challenge-a7f4d\",\"storageBucket\":\"pixel-art-challenge-a7f4d.firebasestorage.app\"}","GCLOUD_PROJECT":"pixel-art-challenge-a7f4d","EVENTARC_CLOUD_EVENT_SOURCE":"projects/pixel-art-challenge-a7f4d/locations/us-central1/services/manageChallenges","FUNCTION_REGION":"us-central1","FUNCTION_TARGET":"manageChallenges","LOG_EXECUTION_ID":"true"},"maxInstanceCount":1,"ingressSettings":"ALLOW_ALL","serviceAccountEmail":"778714732488-compute@developer.gserviceaccount.com","availableMemory":"256Mi","maxInstanceRequestConcurrency":80,"availableCpu":"1"},"labels":{"deployment-tool":"cli-firebase","deployment-scheduled":"true","firebase-functions-hash":"82d458745cd7335062513f214caaa3fcf525a39b"},"environment":"GEN_2"},"stages":[{"name":"BUILD","message":"Build in progress","state":"IN_PROGRESS","resource":"projects/778714732488/locations/us-central1/builds/a7d4326d-eede-427b-8447-55055e4b05d1","resourceUri":"https://console.cloud.google.com/cloud-build/builds;region=us-central1/a7d4326d-eede-427b-8447-55055e4b05d1?project=778714732488"},{"name":"SERVICE","state":"NOT_STARTED"}],"operationType":"CREATE_FUNCTION","buildName":"projects/778714732488/locations/us-central1/builds/a7d4326d-eede-427b-8447-55055e4b05d1"},"done":false}
[debug] [2026-08-14T14:03:01.713Z] [create-default-us-central1-manageChallenges] Retrying task index 0
[debug] [2026-08-14T14:03:01.713Z] Checked if tokens are valid: true, expires at: 1786719613128
[debug] [2026-08-14T14:03:01.713Z] Checked if tokens are valid: true, expires at: 1786719613128
[debug] [2026-08-14T14:03:01.713Z] >>> [apiv2][query] GET https://cloudfunctions.googleapis.com/v2/projects/pixel-art-challenge-a7f4d/locations/us-central1/operations/operation-1786716104637-6590242bb3a71-4cdc3e4c-c277ca73 [none]
[debug] [2026-08-14T14:03:02.812Z] <<< [apiv2][status] GET https://cloudfunctions.googleapis.com/v2/projects/pixel-art-challenge-a7f4d/locations/us-central1/operations/operation-1786716104637-6590242bb3a71-4cdc3e4c-c277ca73 200
[debug] [2026-08-14T14:03:02.812Z] <<< [apiv2][body] GET https://cloudfunctions.googleapis.com/v2/projects/pixel-art-challenge-a7f4d/locations/us-central1/operations/operation-1786716104637-6590242bb3a71-4cdc3e4c-c277ca73 {"name":"projects/pixel-art-challenge-a7f4d/locations/us-central1/operations/operation-1786716104637-6590242bb3a71-4cdc3e4c-c277ca73","metadata":{"@type":"type.googleapis.com/google.cloud.functions.v2.OperationMetadata","createTime":"2026-08-14T14:01:45.930567658Z","endTime":"2026-08-14T14:02:59.003572185Z","target":"projects/pixel-art-challenge-a7f4d/locations/us-central1/functions/manageChallenges","verb":"create","cancelRequested":false,"apiVersion":"v2","requestResource":{"@type":"type.googleapis.com/google.cloud.functions.v2.Function","name":"projects/pixel-art-challenge-a7f4d/locations/us-central1/functions/manageChallenges","buildConfig":{"runtime":"nodejs20","entryPoint":"manageChallenges","source":{"storageSource":{"bucket":"gcf-v2-sources-778714732488-us-central1","object":"manageChallenges/function-source.zip","generation":"1786716105487912"}},"environmentVariables":{"GOOGLE_NODE_RUN_SCRIPTS":""},"serviceAccount":"projects/pixel-art-challenge-a7f4d/serviceAccounts/778714732488-compute@developer.gserviceaccount.com","automaticUpdatePolicy":{}},"serviceConfig":{"service":"projects/pixel-art-challenge-a7f4d/locations/us-central1/services/managechallenges","timeoutSeconds":60,"environmentVariables":{"FIREBASE_CONFIG":"{\"projectId\":\"pixel-art-challenge-a7f4d\",\"storageBucket\":\"pixel-art-challenge-a7f4d.firebasestorage.app\"}","GCLOUD_PROJECT":"pixel-art-challenge-a7f4d","EVENTARC_CLOUD_EVENT_SOURCE":"projects/pixel-art-challenge-a7f4d/locations/us-central1/services/manageChallenges","FUNCTION_REGION":"us-central1","FUNCTION_TARGET":"manageChallenges","LOG_EXECUTION_ID":"true"},"maxInstanceCount":1,"ingressSettings":"ALLOW_ALL","serviceAccountEmail":"778714732488-compute@developer.gserviceaccount.com","availableMemory":"256Mi","maxInstanceRequestConcurrency":80,"availableCpu":"1"},"labels":{"deployment-tool":"cli-firebase","deployment-scheduled":"true","firebase-functions-hash":"82d458745cd7335062513f214caaa3fcf525a39b"},"environment":"GEN_2"},"stages":[{"name":"BUILD","message":"Build finished","state":"COMPLETE","resource":"projects/778714732488/locations/us-central1/builds/a7d4326d-eede-427b-8447-55055e4b05d1","resourceUri":"https://console.cloud.google.com/cloud-build/builds;region=us-central1/a7d4326d-eede-427b-8447-55055e4b05d1?project=778714732488"},{"name":"SERVICE","message":"Creating Cloud Run service","state":"COMPLETE","resource":"projects/pixel-art-challenge-a7f4d/locations/us-central1/services/managechallenges","resourceUri":"https://console.cloud.google.com/run/detail/us-central1/managechallenges?project=pixel-art-challenge-a7f4d"}],"sourceToken":"Cldwcm9qZWN0cy83Nzg3MTQ3MzI0ODgvbG9jYXRpb25zL3VzLWNlbnRyYWwxL2J1aWxkcy9hN2Q0MzI2ZC1lZWRlLTQyN2ItODQ0Ny01NTA1NWU0YjA1ZDESigF1cy1jZW50cmFsMS1kb2NrZXIucGtnLmRldi9waXhlbC1hcnQtY2hhbGxlbmdlLWE3ZjRkL2djZi1hcnRpZmFjdHMvcGl4ZWwtLWFydC0tY2hhbGxlbmdlLS1hN2Y0ZF9fdXMtLWNlbnRyYWwxX19tYW5hZ2VfY2hhbGxlbmdlczp2ZXJzaW9uXzEYyK+P+NQWIlNwcm9qZWN0cy9waXhlbC1hcnQtY2hhbGxlbmdlLWE3ZjRkL2xvY2F0aW9ucy91cy1jZW50cmFsMS9mdW5jdGlvbnMvbWFuYWdlQ2hhbGxlbmdlcyoMCInA/NMGEKCz9NkDMghub2RlanMyMDp2CiNnY3IuaW8vZ2FlLXJ1bnRpbWVzL25vZGVqczIwOnN0YWJsZRJPdXMtY2VudHJhbDEtZG9ja2VyLnBrZy5kZXYvc2VydmVybGVzcy1ydW50aW1lcy9nb29nbGUtMjItZnVsbC9ydW50aW1lcy9ub2RlanMyMEAB","operationType":"CREATE_FUNCTION","buildName":"projects/778714732488/locations/us-central1/builds/a7d4326d-eede-427b-8447-55055e4b05d1"},"done":true,"response":{"@type":"type.googleapis.com/google.cloud.functions.v2.Function","name":"projects/pixel-art-challenge-a7f4d/locations/us-central1/functions/manageChallenges","buildConfig":{"build":"projects/778714732488/locations/us-central1/builds/a7d4326d-eede-427b-8447-55055e4b05d1","runtime":"nodejs20","entryPoint":"manageChallenges","source":{"storageSource":{"bucket":"gcf-v2-sources-778714732488-us-central1","object":"manageChallenges/function-source.zip","generation":"1786716105487912"}},"environmentVariables":{"GOOGLE_NODE_RUN_SCRIPTS":""},"dockerRepository":"projects/pixel-art-challenge-a7f4d/locations/us-central1/repositories/gcf-artifacts","sourceProvenance":{"resolvedStorageSource":{"bucket":"gcf-v2-sources-778714732488-us-central1","object":"manageChallenges/function-source.zip","generation":"1786716105487912"}},"dockerRegistry":"ARTIFACT_REGISTRY","serviceAccount":"projects/pixel-art-challenge-a7f4d/serviceAccounts/778714732488-compute@developer.gserviceaccount.com","automaticUpdatePolicy":{}},"serviceConfig":{"service":"projects/pixel-art-challenge-a7f4d/locations/us-central1/services/managechallenges","timeoutSeconds":60,"environmentVariables":{"FIREBASE_CONFIG":"{\"projectId\":\"pixel-art-challenge-a7f4d\",\"storageBucket\":\"pixel-art-challenge-a7f4d.firebasestorage.app\"}","GCLOUD_PROJECT":"pixel-art-challenge-a7f4d","EVENTARC_CLOUD_EVENT_SOURCE":"projects/pixel-art-challenge-a7f4d/locations/us-central1/services/manageChallenges","FUNCTION_REGION":"us-central1","FUNCTION_TARGET":"manageChallenges","LOG_EXECUTION_ID":"true"},"maxInstanceCount":1,"ingressSettings":"ALLOW_ALL","uri":"https://managechallenges-saiclnjfha-uc.a.run.app","serviceAccountEmail":"778714732488-compute@developer.gserviceaccount.com","availableMemory":"256Mi","allTrafficOnLatestRevision":true,"revision":"managechallenges-00001-pay","maxInstanceRequestConcurrency":80,"availableCpu":"1"},"state":"ACTIVE","updateTime":"2026-08-14T14:01:45.925851638Z","labels":{"deployment-scheduled":"true","firebase-functions-hash":"82d458745cd7335062513f214caaa3fcf525a39b","deployment-tool":"cli-firebase"},"environment":"GEN_2","url":"https://us-central1-pixel-art-challenge-a7f4d.cloudfunctions.net/manageChallenges","createTime":"2026-08-14T14:01:45.925851638Z","satisfiesPzi":true}}
[debug] [2026-08-14T14:03:02.812Z] Got source token Cldwcm9qZWN0cy83Nzg3MTQ3MzI0ODgvbG9jYXRpb25zL3VzLWNlbnRyYWwxL2J1aWxkcy9hN2Q0MzI2ZC1lZWRlLTQyN2ItODQ0Ny01NTA1NWU0YjA1ZDESigF1cy1jZW50cmFsMS1kb2NrZXIucGtnLmRldi9waXhlbC1hcnQtY2hhbGxlbmdlLWE3ZjRkL2djZi1hcnRpZmFjdHMvcGl4ZWwtLWFydC0tY2hhbGxlbmdlLS1hN2Y0ZF9fdXMtLWNlbnRyYWwxX19tYW5hZ2VfY2hhbGxlbmdlczp2ZXJzaW9uXzEYyK+P+NQWIlNwcm9qZWN0cy9waXhlbC1hcnQtY2hhbGxlbmdlLWE3ZjRkL2xvY2F0aW9ucy91cy1jZW50cmFsMS9mdW5jdGlvbnMvbWFuYWdlQ2hhbGxlbmdlcyoMCInA/NMGEKCz9NkDMghub2RlanMyMDp2CiNnY3IuaW8vZ2FlLXJ1bnRpbWVzL25vZGVqczIwOnN0YWJsZRJPdXMtY2VudHJhbDEtZG9ja2VyLnBrZy5kZXYvc2VydmVybGVzcy1ydW50aW1lcy9nb29nbGUtMjItZnVsbC9ydW50aW1lcy9ub2RlanMyMEAB for region us-central1
[debug] [2026-08-14T14:03:02.813Z] Checked if tokens are valid: true, expires at: 1786719613128
[debug] [2026-08-14T14:03:02.813Z] Checked if tokens are valid: true, expires at: 1786719613128
[debug] [2026-08-14T14:03:02.813Z] >>> [apiv2][query] GET https://compute.googleapis.com/compute/v1/projects/778714732488 [none]
[debug] [2026-08-14T14:03:03.195Z] <<< [apiv2][status] GET https://compute.googleapis.com/compute/v1/projects/778714732488 403
[debug] [2026-08-14T14:03:03.195Z] <<< [apiv2][body] GET https://compute.googleapis.com/compute/v1/projects/778714732488 {"error":{"code":403,"message":"Compute Engine API has not been used in project 778714732488 before or it is disabled. Enable it by visiting https://console.developers.google.com/apis/api/compute.googleapis.com/overview?project=778714732488 then retry. If you enabled this API recently, wait a few minutes for the action to propagate to our systems and retry.","errors":[{"message":"Compute Engine API has not been used in project 778714732488 before or it is disabled. Enable it by visiting https://console.developers.google.com/apis/api/compute.googleapis.com/overview?project=778714732488 then retry. If you enabled this API recently, wait a few minutes for the action to propagate to our systems and retry.","domain":"usageLimits","reason":"accessNotConfigured","extendedHelp":"https://console.developers.google.com"}],"status":"PERMISSION_DENIED","details":[{"@type":"type.googleapis.com/google.rpc.ErrorInfo","reason":"SERVICE_DISABLED","domain":"googleapis.com","metadata":{"consumer":"projects/778714732488","service":"compute.googleapis.com","activationUrl":"https://console.developers.google.com/apis/api/compute.googleapis.com/overview?project=778714732488","serviceTitle":"Compute Engine API","containerInfo":"778714732488"}},{"@type":"type.googleapis.com/google.rpc.LocalizedMessage","locale":"en-US","message":"Compute Engine API has not been used in project 778714732488 before or it is disabled. Enable it by visiting https://console.developers.google.com/apis/api/compute.googleapis.com/overview?project=778714732488 then retry. If you enabled this API recently, wait a few minutes for the action to propagate to our systems and retry."},{"@type":"type.googleapis.com/google.rpc.Help","links":[{"description":"Google developers console API activation","url":"https://console.developers.google.com/apis/api/compute.googleapis.com/overview?project=778714732488"}]}]}}
[debug] [2026-08-14T14:03:03.195Z] unable to look up default compute service account. Falling back to 778714732488-compute@developer.gserviceaccount.com. Error: {"name":"FirebaseError","children":[],"context":{"body":{"error":{"code":403,"message":"Compute Engine API has not been used in project 778714732488 before or it is disabled. Enable it by visiting https://console.developers.google.com/apis/api/compute.googleapis.com/overview?project=778714732488 then retry. If you enabled this API recently, wait a few minutes for the action to propagate to our systems and retry.","errors":[{"message":"Compute Engine API has not been used in project 778714732488 before or it is disabled. Enable it by visiting https://console.developers.google.com/apis/api/compute.googleapis.com/overview?project=778714732488 then retry. If you enabled this API recently, wait a few minutes for the action to propagate to our systems and retry.","domain":"usageLimits","reason":"accessNotConfigured","extendedHelp":"https://console.developers.google.com"}],"status":"PERMISSION_DENIED","details":[{"@type":"type.googleapis.com/google.rpc.ErrorInfo","reason":"SERVICE_DISABLED","domain":"googleapis.com","metadata":{"consumer":"projects/778714732488","service":"compute.googleapis.com","activationUrl":"https://console.developers.google.com/apis/api/compute.googleapis.com/overview?project=778714732488","serviceTitle":"Compute Engine API","containerInfo":"778714732488"}},{"@type":"type.googleapis.com/google.rpc.LocalizedMessage","locale":"en-US","message":"Compute Engine API has not been used in project 778714732488 before or it is disabled. Enable it by visiting https://console.developers.google.com/apis/api/compute.googleapis.com/overview?project=778714732488 then retry. If you enabled this API recently, wait a few minutes for the action to propagate to our systems and retry."},{"@type":"type.googleapis.com/google.rpc.Help","links":[{"description":"Google developers console API activation","url":"https://console.developers.google.com/apis/api/compute.googleapis.com/overview?project=778714732488"}]}]}},"response":{"statusCode":403}},"exit":1,"message":"Request to https://compute.googleapis.com/compute/v1/projects/778714732488 had HTTP Error: 403, Compute Engine API has not been used in project 778714732488 before or it is disabled. Enable it by visiting https://console.developers.google.com/apis/api/compute.googleapis.com/overview?project=778714732488 then retry. If you enabled this API recently, wait a few minutes for the action to propagate to our systems and retry.","status":403}
[debug] [2026-08-14T14:03:03.196Z] Checked if tokens are valid: true, expires at: 1786719613128
[debug] [2026-08-14T14:03:03.196Z] Checked if tokens are valid: true, expires at: 1786719613128
[debug] [2026-08-14T14:03:03.196Z] >>> [apiv2][query] POST https://run.googleapis.com/v1/projects/pixel-art-challenge-a7f4d/locations/us-central1/services/managechallenges:setIamPolicy [none]
[debug] [2026-08-14T14:03:03.196Z] >>> [apiv2][body] POST https://run.googleapis.com/v1/projects/pixel-art-challenge-a7f4d/locations/us-central1/services/managechallenges:setIamPolicy {"policy":{"bindings":[{"role":"roles/run.invoker","members":["serviceAccount:778714732488-compute@developer.gserviceaccount.com"]}],"etag":"","version":3},"updateMask":"bindings,etag,version"}
[debug] [2026-08-14T14:03:04.531Z] <<< [apiv2][status] POST https://run.googleapis.com/v1/projects/pixel-art-challenge-a7f4d/locations/us-central1/services/managechallenges:setIamPolicy 200
[debug] [2026-08-14T14:03:04.531Z] <<< [apiv2][body] POST https://run.googleapis.com/v1/projects/pixel-art-challenge-a7f4d/locations/us-central1/services/managechallenges:setIamPolicy {"version":1,"etag":"BwZZAkdh6gA=","bindings":[{"role":"roles/run.invoker","members":["serviceAccount:778714732488-compute@developer.gserviceaccount.com"]}]}
[debug] [2026-08-14T14:03:04.532Z] Checked if tokens are valid: true, expires at: 1786719613128
[debug] [2026-08-14T14:03:04.532Z] Checked if tokens are valid: true, expires at: 1786719613128
[debug] [2026-08-14T14:03:04.532Z] >>> [apiv2][query] GET https://compute.googleapis.com/compute/v1/projects/778714732488 [none]
[debug] [2026-08-14T14:03:04.867Z] <<< [apiv2][status] GET https://compute.googleapis.com/compute/v1/projects/778714732488 403
[debug] [2026-08-14T14:03:04.867Z] <<< [apiv2][body] GET https://compute.googleapis.com/compute/v1/projects/778714732488 {"error":{"code":403,"message":"Compute Engine API has not been used in project 778714732488 before or it is disabled. Enable it by visiting https://console.developers.google.com/apis/api/compute.googleapis.com/overview?project=778714732488 then retry. If you enabled this API recently, wait a few minutes for the action to propagate to our systems and retry.","errors":[{"message":"Compute Engine API has not been used in project 778714732488 before or it is disabled. Enable it by visiting https://console.developers.google.com/apis/api/compute.googleapis.com/overview?project=778714732488 then retry. If you enabled this API recently, wait a few minutes for the action to propagate to our systems and retry.","domain":"usageLimits","reason":"accessNotConfigured","extendedHelp":"https://console.developers.google.com"}],"status":"PERMISSION_DENIED","details":[{"@type":"type.googleapis.com/google.rpc.ErrorInfo","reason":"SERVICE_DISABLED","domain":"googleapis.com","metadata":{"activationUrl":"https://console.developers.google.com/apis/api/compute.googleapis.com/overview?project=778714732488","containerInfo":"778714732488","consumer":"projects/778714732488","serviceTitle":"Compute Engine API","service":"compute.googleapis.com"}},{"@type":"type.googleapis.com/google.rpc.LocalizedMessage","locale":"en-US","message":"Compute Engine API has not been used in project 778714732488 before or it is disabled. Enable it by visiting https://console.developers.google.com/apis/api/compute.googleapis.com/overview?project=778714732488 then retry. If you enabled this API recently, wait a few minutes for the action to propagate to our systems and retry."},{"@type":"type.googleapis.com/google.rpc.Help","links":[{"description":"Google developers console API activation","url":"https://console.developers.google.com/apis/api/compute.googleapis.com/overview?project=778714732488"}]}]}}
[debug] [2026-08-14T14:03:04.868Z] unable to look up default compute service account. Falling back to 778714732488-compute@developer.gserviceaccount.com. Error: {"name":"FirebaseError","children":[],"context":{"body":{"error":{"code":403,"message":"Compute Engine API has not been used in project 778714732488 before or it is disabled. Enable it by visiting https://console.developers.google.com/apis/api/compute.googleapis.com/overview?project=778714732488 then retry. If you enabled this API recently, wait a few minutes for the action to propagate to our systems and retry.","errors":[{"message":"Compute Engine API has not been used in project 778714732488 before or it is disabled. Enable it by visiting https://console.developers.google.com/apis/api/compute.googleapis.com/overview?project=778714732488 then retry. If you enabled this API recently, wait a few minutes for the action to propagate to our systems and retry.","domain":"usageLimits","reason":"accessNotConfigured","extendedHelp":"https://console.developers.google.com"}],"status":"PERMISSION_DENIED","details":[{"@type":"type.googleapis.com/google.rpc.ErrorInfo","reason":"SERVICE_DISABLED","domain":"googleapis.com","metadata":{"activationUrl":"https://console.developers.google.com/apis/api/compute.googleapis.com/overview?project=778714732488","containerInfo":"778714732488","consumer":"projects/778714732488","serviceTitle":"Compute Engine API","service":"compute.googleapis.com"}},{"@type":"type.googleapis.com/google.rpc.LocalizedMessage","locale":"en-US","message":"Compute Engine API has not been used in project 778714732488 before or it is disabled. Enable it by visiting https://console.developers.google.com/apis/api/compute.googleapis.com/overview?project=778714732488 then retry. If you enabled this API recently, wait a few minutes for the action to propagate to our systems and retry."},{"@type":"type.googleapis.com/google.rpc.Help","links":[{"description":"Google developers console API activation","url":"https://console.developers.google.com/apis/api/compute.googleapis.com/overview?project=778714732488"}]}]}},"response":{"statusCode":403}},"exit":1,"message":"Request to https://compute.googleapis.com/compute/v1/projects/778714732488 had HTTP Error: 403, Compute Engine API has not been used in project 778714732488 before or it is disabled. Enable it by visiting https://console.developers.google.com/apis/api/compute.googleapis.com/overview?project=778714732488 then retry. If you enabled this API recently, wait a few minutes for the action to propagate to our systems and retry.","status":403}
[debug] [2026-08-14T14:03:04.868Z] Checked if tokens are valid: true, expires at: 1786719613128
[debug] [2026-08-14T14:03:04.868Z] Checked if tokens are valid: true, expires at: 1786719613128
[debug] [2026-08-14T14:03:04.868Z] >>> [apiv2][query] GET https://cloudscheduler.googleapis.com/v1/projects/pixel-art-challenge-a7f4d/locations/us-central1/jobs/firebase-schedule-manageChallenges-us-central1 [none]
[debug] [2026-08-14T14:03:05.925Z] <<< [apiv2][status] GET https://cloudscheduler.googleapis.com/v1/projects/pixel-art-challenge-a7f4d/locations/us-central1/jobs/firebase-schedule-manageChallenges-us-central1 404
[debug] [2026-08-14T14:03:05.925Z] <<< [apiv2][body] GET https://cloudscheduler.googleapis.com/v1/projects/pixel-art-challenge-a7f4d/locations/us-central1/jobs/firebase-schedule-manageChallenges-us-central1 {"error":{"code":404,"message":"Job not found.","status":"NOT_FOUND"}}
[debug] [2026-08-14T14:03:05.925Z] Checked if tokens are valid: true, expires at: 1786719613128
[debug] [2026-08-14T14:03:05.925Z] Checked if tokens are valid: true, expires at: 1786719613128
[debug] [2026-08-14T14:03:05.926Z] >>> [apiv2][query] POST https://cloudscheduler.googleapis.com/v1/projects/pixel-art-challenge-a7f4d/locations/us-central1/jobs [none]
[debug] [2026-08-14T14:03:05.926Z] >>> [apiv2][body] POST https://cloudscheduler.googleapis.com/v1/projects/pixel-art-challenge-a7f4d/locations/us-central1/jobs {"timeZone":"UTC","name":"projects/pixel-art-challenge-a7f4d/locations/us-central1/jobs/firebase-schedule-manageChallenges-us-central1","httpTarget":{"uri":"https://us-central1-pixel-art-challenge-a7f4d.cloudfunctions.net/manageChallenges","httpMethod":"POST","oidcToken":{"serviceAccountEmail":"778714732488-compute@developer.gserviceaccount.com"}},"schedule":"every 5 minutes","attemptDeadline":null}
[debug] [2026-08-14T14:03:13.089Z] <<< [apiv2][status] POST https://cloudscheduler.googleapis.com/v1/projects/pixel-art-challenge-a7f4d/locations/us-central1/jobs 200
[debug] [2026-08-14T14:03:13.089Z] <<< [apiv2][body] POST https://cloudscheduler.googleapis.com/v1/projects/pixel-art-challenge-a7f4d/locations/us-central1/jobs {"name":"projects/pixel-art-challenge-a7f4d/locations/us-central1/jobs/firebase-schedule-manageChallenges-us-central1","httpTarget":{"uri":"https://us-central1-pixel-art-challenge-a7f4d.cloudfunctions.net/manageChallenges","httpMethod":"POST","headers":{"User-Agent":"Google-Cloud-Scheduler"},"oidcToken":{"serviceAccountEmail":"778714732488-compute@developer.gserviceaccount.com","audience":"https://us-central1-pixel-art-challenge-a7f4d.cloudfunctions.net/manageChallenges"}},"userUpdateTime":"2026-08-14T14:03:11.104661Z","state":"ENABLED","status":{"code":-1},"scheduleTime":"2026-08-14T14:08:00Z","schedule":"every 5 minutes","timeZone":"UTC","attemptDeadline":"180s"}
[debug] [2026-08-14T14:03:13.089Z] created scheduler job firebase-schedule-manageChallenges-us-central1
[info] +  functions[manageChallenges(us-central1)] Successful create operation. 
[debug] [2026-08-14T14:03:13.094Z] Total Function Deployment time: 87391
[debug] [2026-08-14T14:03:13.094Z] 1 Functions Deployed
[debug] [2026-08-14T14:03:13.094Z] 0 Functions Errored
[debug] [2026-08-14T14:03:13.094Z] 0 Function Deployments Aborted
[debug] [2026-08-14T14:03:13.094Z] Average Function Deployment time: 87389
[debug] [2026-08-14T14:03:13.409Z] Checked if tokens are valid: true, expires at: 1786719613128
[debug] [2026-08-14T14:03:13.410Z] Checked if tokens are valid: true, expires at: 1786719613128
[debug] [2026-08-14T14:03:13.410Z] >>> [apiv2][query] GET https://artifactregistry.googleapis.com/v1/projects/pixel-art-challenge-a7f4d/locations/us-central1/repositories/gcf-artifacts [none]
[debug] [2026-08-14T14:03:14.640Z] <<< [apiv2][status] GET https://artifactregistry.googleapis.com/v1/projects/pixel-art-challenge-a7f4d/locations/us-central1/repositories/gcf-artifacts 200
[debug] [2026-08-14T14:03:14.640Z] <<< [apiv2][body] GET https://artifactregistry.googleapis.com/v1/projects/pixel-art-challenge-a7f4d/locations/us-central1/repositories/gcf-artifacts {"name":"projects/pixel-art-challenge-a7f4d/locations/us-central1/repositories/gcf-artifacts","format":"DOCKER","description":"This repository is created and used by Cloud Functions for storing function docker images.","labels":{"goog-managed-by":"cloudfunctions"},"createTime":"2026-08-14T14:01:58.608788Z","updateTime":"2026-08-14T14:02:47.426060Z","mode":"STANDARD_REPOSITORY","sizeBytes":"91669303","vulnerabilityScanningConfig":{"lastEnableTime":"2026-08-14T14:01:46.183196729Z","enablementState":"SCANNING_DISABLED","enablementStateReason":"API containerscanning.googleapis.com is not enabled."},"satisfiesPzi":true,"registryUri":"us-central1-docker.pkg.dev/pixel-art-challenge-a7f4d/gcf-artifacts"}
[warn] !  functions: No cleanup policy detected for repositories in us-central1. This may result in a small monthly bill as container images accumulate over time. 
